Time,Driver,LapTime,LapNumber,Stint,Compound,TyreLife,TrackStatus,IsPersonalBest
0 days 01:03:57.047000,VER,,1.0,1.0,MEDIUM,1.0,1,False
0 days 01:05:27.757000,VER,0 days 00:01:30.710000,2.0,1.0,MEDIUM,2.0,1,True
0 days 01:06:58.165000,VER,0 days 00:01:30.408000,3.0,1.0,MEDIUM,3.0,1,True
0 days 01:08:28.881000,VER,0 days 00:01:30.716000,4.0,1.0,MEDIUM,4.0,1,False
0 days 01:09:59.433000,VER,0 days 00:01:30.552000,5.0,1.0,MEDIUM,5.0,1,False
0 days 01:11:29.873000,VER,0 days 00:01:30.440000,6.0,1.0,MEDIUM,6.0,1,False
0 days 01:13:00.402000,VER,0 days 00:01:30.529000,7.0,1.0,MEDIUM,7.0,1,False
0 days 01:14:30.918000,VER,0 days 00:01:30.516000,8.0,1.0,MEDIUM,8.0,1,False
0 days 01:16:01.550000,VER,0 days 00:01:30.632000,9.0,1.0,MEDIUM,9.0,1,False
0 days 01:17:32.056000,VER,0 days 00:01:30.506000,10.0,1.0,MEDIUM,10.0,1,False
0 days 01:19:02.617000,VER,0 days 00:01:30.561000,11.0,1.0,MEDIUM,11.0,1,False
0 days 01:20:33.207000,VER,0 days 00:01:30.590000,12.0,1.0,MEDIUM,12.0,1,False
0 days 01:22:03.768000,VER,0 days 00:01:30.561000,13.0,1.0,MEDIUM,13.0,1,False
0 days 01:23:34.415000,VER,0 days 00:01:30.647000,14.0,1.0,MEDIUM,14.0,1,False
0 days 01:25:04.682000,VER,0 days 00:01:30.267000,15.0,1.0,MEDIUM,15.0,1,True
0 days 01:26:37.240000,VER,0 days 00:01:32.558000,16.0,1.0,MEDIUM,16.0,1,False
0 days 01:28:27.428000,VER,0 days 00:01:50.188000,17.0,2.0,HARD,1.0,1,False
0 days 01:29:57.324000,VER,0 days 00:01:29.896000,18.0,2.0,HARD,2.0,1,True
0 days 01:31:26.710000,VER,0 days 00:01:29.386000,19.0,2.0,HARD,3.0,1,True
0 days 01:32:56.338000,VER,0 days 00:01:29.628000,20.0,2.0,HARD,4.0,1,False
0 days 01:34:25.465000,VER,0 days 00:01:29.127000,21.0,2.0,HARD,5.0,1,True
0 days 01:35:55.154000,VER,0 days 00:01:29.689000,22.0,2.0,HARD,6.0,1,False
0 days 01:37:24.788000,VER,0 days 00:01:29.634000,23.0,2.0,HARD,7.0,1,False
0 days 01:38:54.081000,VER,0 days 00:01:29.293000,24.0,2.0,HARD,8.0,1,False
0 days 01:40:23.482000,VER,0 days 00:01:29.401000,25.0,2.0,HARD,9.0,1,False
0 days 01:41:52.771000,VER,0 days 00:01:29.289000,26.0,2.0,HARD,10.0,1,False
0 days 01:43:21.927000,VER,0 days 00:01:29.156000,27.0,2.0,HARD,11.0,1,False
0 days 01:44:51.144000,VER,0 days 00:01:29.217000,28.0,2.0,HARD,12.0,1,False
0 days 01:46:20.327000,VER,0 days 00:01:29.183000,29.0,2.0,HARD,13.0,1,False
0 days 01:47:49.593000,VER,0 days 00:01:29.266000,30.0,2.0,HARD,14.0,1,False
0 days 01:49:18.742000,VER,0 days 00:01:29.149000,31.0,2.0,HARD,15.0,1,False
0 days 01:50:47.842000,VER,0 days 00:01:29.100000,32.0,2.0,HARD,16.0,1,True
0 days 01:52:16.979000,VER,0 days 00:01:29.137000,33.0,2.0,HARD,17.0,1,False
0 days 01:53:46.056000,VER,0 days 00:01:29.077000,34.0,2.0,HARD,18.0,1,True
0 days 01:55:15.204000,VER,0 days 00:01:29.148000,35.0,2.0,HARD,19.0,1,False
0 days 01:56:44.106000,VER,0 days 00:01:28.902000,36.0,2.0,HARD,20.0,1,True
0 days 01:58:13.016000,VER,0 days 00:01:28.910000,37.0,2.0,HARD,21.0,1,False
0 days 01:59:42.089000,VER,0 days 00:01:29.073000,38.0,2.0,HARD,22.0,1,False
0 days 02:01:10.938000,VER,0 days 00:01:28.849000,39.0,2.0,HARD,23.0,1,True
0 days 02:02:39.991000,VER,0 days 00:01:29.053000,40.0,2.0,HARD,24.0,1,False
0 days 02:04:08.994000,VER,0 days 00:01:29.003000,41.0,2.0,HARD,25.0,1,False
0 days 02:05:38.076000,VER,0 days 00:01:29.082000,42.0,2.0,HARD,26.0,1,False
0 days 02:07:09.467000,VER,0 days 00:01:31.391000,43.0,2.0,HARD,27.0,1,False
0 days 02:08:57.637000,VER,0 days 00:01:48.170000,44.0,3.0,HARD,1.0,1,False
0 days 02:10:24.630000,VER,0 days 00:01:26.993000,45.0,3.0,HARD,2.0,1,True
0 days 02:11:52.532000,VER,0 days 00:01:27.902000,46.0,3.0,HARD,3.0,1,False
0 days 02:13:20.494000,VER,0 days 00:01:27.962000,47.0,3.0,HARD,4.0,1,False
0 days 02:14:48.462000,VER,0 days 00:01:27.968000,48.0,3.0,HARD,5.0,1,False
0 days 02:16:16.363000,VER,0 days 00:01:27.901000,49.0,3.0,HARD,6.0,1,False
0 days 02:17:44.403000,VER,0 days 00:01:28.040000,50.0,3.0,HARD,7.0,1,False
0 days 02:19:12.252000,VER,0 days 00:01:27.849000,51.0,3.0,HARD,8.0,1,False
0 days 02:20:40.103000,VER,0 days 00:01:27.851000,52.0,3.0,HARD,9.0,1,False
0 days 02:22:07.786000,VER,0 days 00:01:27.683000,53.0,3.0,HARD,10.0,1,False
0 days 02:23:35.299000,VER,0 days 00:01:27.513000,54.0,3.0,HARD,11.0,1,False
0 days 02:25:03.229000,VER,0 days 00:01:27.930000,55.0,3.0,HARD,12.0,1,False
0 days 02:26:30.956000,VER,0 days 00:01:27.727000,56.0,3.0,HARD,13.0,1,False
0 days 02:27:58.936000,VER,0 days 00:01:27.980000,57.0,3.0,HARD,14.0,1,False
0 days 02:29:27.481000,VER,0 days 00:01:28.545000,58.0,3.0,HARD,15.0,1,False
0 days 01:03:57.976000,LEC,,1.0,1.0,MEDIUM,1.0,1,False
0 days 01:05:29.093000,LEC,0 days 00:01:31.117000,2.0,1.0,MEDIUM,2.0,1,True
0 days 01:06:59.593000,LEC,0 days 00:01:30.500000,3.0,1.0,MEDIUM,3.0,1,True
0 days 01:08:30.477000,LEC,0 days 00:01:30.884000,4.0,1.0,MEDIUM,4.0,1,False
0 days 01:10:00.936000,LEC,0 days 00:01:30.459000,5.0,1.0,MEDIUM,5.0,1,True
0 days 01:11:31.480000,LEC,0 days 00:01:30.544000,6.0,1.0,MEDIUM,6.0,1,False
0 days 01:13:01.853000,LEC,0 days 00:01:30.373000,7.0,1.0,MEDIUM,7.0,1,True
0 days 01:14:32.484000,LEC,0 days 00:01:30.631000,8.0,1.0,MEDIUM,8.0,1,False
0 days 01:16:02.915000,LEC,0 days 00:01:30.431000,9.0,1.0,MEDIUM,9.0,1,False
0 days 01:17:33.524000,LEC,0 days 00:01:30.609000,10.0,1.0,MEDIUM,10.0,1,False
0 days 01:19:04.137000,LEC,0 days 00:01:30.613000,11.0,1.0,MEDIUM,11.0,1,False
0 days 01:20:34.721000,LEC,0 days 00:01:30.584000,12.0,1.0,MEDIUM,12.0,1,False
0 days 01:22:05.538000,LEC,0 days 00:01:30.817000,13.0,1.0,MEDIUM,13.0,1,False
0 days 01:23:36.109000,LEC,0 days 00:01:30.571000,14.0,1.0,MEDIUM,14.0,1,False
0 days 01:25:06.727000,LEC,0 days 00:01:30.618000,15.0,1.0,MEDIUM,15.0,1,False
0 days 01:26:37.438000,LEC,0 days 00:01:30.711000,16.0,1.0,MEDIUM,16.0,1,False
0 days 01:28:09.906000,LEC,0 days 00:01:32.468000,17.0,1.0,MEDIUM,17.0,1,False
0 days 01:30:00.248000,LEC,0 days 00:01:50.342000,18.0,2.0,HARD,1.0,1,False
0 days 01:31:30.156000,LEC,0 days 00:01:29.908000,19.0,2.0,HARD,2.0,1,True
0 days 01:33:00.229000,LEC,0 days 00:01:30.073000,20.0,2.0,HARD,3.0,1,False
0 days 01:34:29.953000,LEC,0 days 00:01:29.724000,21.0,2.0,HARD,4.0,1,True
0 days 01:35:59.657000,LEC,0 days 00:01:29.704000,22.0,2.0,HARD,5.0,1,True
0 days 01:37:29.504000,LEC,0 days 00:01:29.847000,23.0,2.0,HARD,6.0,1,False
0 days 01:38:59.081000,LEC,0 days 00:01:29.577000,24.0,2.0,HARD,7.0,1,True
0 days 01:40:28.788000,LEC,0 days 00:01:29.707000,25.0,2.0,HARD,8.0,1,False
0 days 01:41:58.443000,LEC,0 days 00:01:29.655000,26.0,2.0,HARD,9.0,1,False
0 days 01:43:27.653000,LEC,0 days 00:01:29.210000,27.0,2.0,HARD,10.0,1,True
0 days 01:44:57.209000,LEC,0 days 00:01:29.556000,28.0,2.0,HARD,11.0,1,False
0 days 01:46:26.765000,LEC,0 days 00:01:29.556000,29.0,2.0,HARD,12.0,1,False
0 days 01:47:56.193000,LEC,0 days 00:01:29.428000,30.0,2.0,HARD,13.0,1,False
0 days 01:49:25.747000,LEC,0 days 00:01:29.554000,31.0,2.0,HARD,14.0,1,False
0 days 01:50:55.562000,LEC,0 days 00:01:29.815000,32.0,2.0,HARD,15.0,1,False
0 days 01:52:25.255000,LEC,0 days 00:01:29.693000,33.0,2.0,HARD,16.0,1,False
0 days 01:53:54.702000,LEC,0 days 00:01:29.447000,34.0,2.0,HARD,17.0,1,False
0 days 01:55:26.145000,LEC,0 days 00:01:31.443000,35.0,2.0,HARD,18.0,1,False
0 days 01:57:14.965000,LEC,0 days 00:01:48.820000,36.0,3.0,HARD,1.0,1,False
0 days 01:58:44,LEC,0 days 00:01:29.035000,37.0,3.0,HARD,2.0,1,True
0 days 02:00:12.736000,LEC,0 days 00:01:28.736000,38.0,3.0,HARD,3.0,1,True
0 days 02:01:41.495000,LEC,0 days 00:01:28.759000,39.0,3.0,HARD,4.0,1,False
0 days 02:03:10.041000,LEC,0 days 00:01:28.546000,40.0,3.0,HARD,5.0,1,True
0 days 02:04:38.507000,LEC,0 days 00:01:28.466000,41.0,3.0,HARD,6.0,1,True
0 days 02:06:06.784000,LEC,0 days 00:01:28.277000,42.0,3.0,HARD,7.0,1,True
0 days 02:07:34.995000,LEC,0 days 00:01:28.211000,43.0,3.0,HARD,8.0,1,True
0 days 02:09:03.194000,LEC,0 days 00:01:28.199000,44.0,3.0,HARD,9.0,1,True
0 days 02:10:31.589000,LEC,0 days 00:01:28.395000,45.0,3.0,HARD,10.0,1,False
0 days 02:12:00.035000,LEC,0 days 00:01:28.446000,46.0,3.0,HARD,11.0,1,False
0 days 02:13:28.256000,LEC,0 days 00:01:28.221000,47.0,3.0,HARD,12.0,1,False
0 days 02:14:56.675000,LEC,0 days 00:01:28.419000,48.0,3.0,HARD,13.0,1,False
0 days 02:16:25.071000,LEC,0 days 00:01:28.396000,49.0,3.0,HARD,14.0,1,False
0 days 02:17:53.329000,LEC,0 days 00:01:28.258000,50.0,3.0,HARD,15.0,1,False
0 days 02:19:22.024000,LEC,0 days 00:01:28.695000,51.0,3.0,HARD,16.0,1,False
0 days 02:20:50.627000,LEC,0 days 00:01:28.603000,52.0,3.0,HARD,17.0,1,False
0 days 02:22:19.172000,LEC,0 days 00:01:28.545000,53.0,3.0,HARD,18.0,1,False
0 days 02:23:47.950000,LEC,0 days 00:01:28.778000,54.0,3.0,HARD,19.0,1,False
0 days 02:25:16.502000,LEC,0 days 00:01:28.552000,55.0,3.0,HARD,20.0,1,False
0 days 02:26:45.159000,LEC,0 days 00:01:28.657000,56.0,3.0,HARD,21.0,1,False
0 days 02:28:14.190000,LEC,0 days 00:01:29.031000,57.0,3.0,HARD,22.0,1,False
0 days 02:29:45.474000,LEC,0 days 00:01:31.284000,58.0,3.0,HARD,23.0,1,False
0 days 01:03:58.739000,PIA,,1.0,1.0,MEDIUM,1.0,1,False
0 days 01:05:29.814000,PIA,0 days 00:01:31.075000,2.0,1.0,MEDIUM,2.0,1,True
0 days 01:07:00.445000,PIA,0 days 00:01:30.631000,3.0,1.0,MEDIUM,3.0,1,True
0 days 01:08:32.261000,PIA,0 days 00:01:31.816000,4.0,1.0,MEDIUM,4.0,1,False
0 days 01:10:02.680000,PIA,0 days 00:01:30.419000,5.0,1.0,MEDIUM,5.0,1,True
0 days 01:11:33.493000,PIA,0 days 00:01:30.813000,6.0,1.0,MEDIUM,6.0,1,False
0 days 01:13:04.446000,PIA,0 days 00:01:30.953000,7.0,1.0,MEDIUM,7.0,1,False
0 days 01:14:35.241000,PIA,0 days 00:01:30.795000,8.0,1.0,MEDIUM,8.0,1,False
0 days 01:16:06.140000,PIA,0 days 00:01:30.899000,9.0,1.0,MEDIUM,9.0,1,False
0 days 01:17:37.379000,PIA,0 days 00:01:31.239000,10.0,1.0,MEDIUM,10.0,1,False
0 days 01:19:09.827000,PIA,0 days 00:01:32.448000,11.0,1.0,MEDIUM,11.0,1,False
0 days 01:20:41.131000,PIA,0 days 00:01:31.304000,12.0,1.0,MEDIUM,12.0,1,False
0 days 01:22:14.112000,PIA,0 days 00:01:32.981000,13.0,1.0,MEDIUM,13.0,1,False
0 days 01:24:04.196000,PIA,0 days 00:01:50.084000,14.0,2.0,HARD,1.0,1,False
0 days 01:25:34.845000,PIA,0 days 00:01:30.649000,15.0,2.0,HARD,2.0,1,False
0 days 01:27:05.121000,PIA,0 days 00:01:30.276000,16.0,2.0,HARD,3.0,1,True
0 days 01:28:35.075000,PIA,0 days 00:01:29.954000,17.0,2.0,HARD,4.0,1,True
0 days 01:30:05.513000,PIA,0 days 00:01:30.438000,18.0,2.0,HARD,5.0,1,False
0 days 01:31:36.011000,PIA,0 days 00:01:30.498000,19.0,2.0,HARD,6.0,1,False
0 days 01:33:06.099000,PIA,0 days 00:01:30.088000,20.0,2.0,HARD,7.0,1,False
0 days 01:34:35.987000,PIA,0 days 00:01:29.888000,21.0,2.0,HARD,8.0,1,True
0 days 01:36:06.483000,PIA,0 days 00:01:30.496000,22.0,2.0,HARD,9.0,1,False
0 days 01:37:36.586000,PIA,0 days 00:01:30.103000,23.0,2.0,HARD,10.0,1,False
0 days 01:39:06.544000,PIA,0 days 00:01:29.958000,24.0,2.0,HARD,11.0,1,False
0 days 01:40:36.572000,PIA,0 days 00:01:30.028000,25.0,2.0,HARD,12.0,1,False
0 days 01:42:06.490000,PIA,0 days 00:01:29.918000,26.0,2.0,HARD,13.0,1,False
0 days 01:43:36.092000,PIA,0 days 00:01:29.602000,27.0,2.0,HARD,14.0,1,True
0 days 01:45:07.128000,PIA,0 days 00:01:31.036000,28.0,2.0,HARD,15.0,1,False
0 days 01:46:37.468000,PIA,0 days 00:01:30.340000,29.0,2.0,HARD,16.0,1,False
0 days 01:48:07.965000,PIA,0 days 00:01:30.497000,30.0,2.0,HARD,17.0,1,False
0 days 01:49:38.047000,PIA,0 days 00:01:30.082000,31.0,2.0,HARD,18.0,1,False
0 days 01:51:07.894000,PIA,0 days 00:01:29.847000,32.0,2.0,HARD,19.0,1,False
0 days 01:52:37.671000,PIA,0 days 00:01:29.777000,33.0,2.0,HARD,20.0,1,False
0 days 01:54:07.512000,PIA,0 days 00:01:29.841000,34.0,2.0,HARD,21.0,1,False
0 days 01:55:37.370000,PIA,0 days 00:01:29.858000,35.0,2.0,HARD,22.0,1,False
0 days 01:57:08.950000,PIA,0 days 00:01:31.580000,36.0,2.0,HARD,23.0,1,False
0 days 01:58:56.483000,PIA,0 days 00:01:47.533000,37.0,3.0,HARD,1.0,1,False
0 days 02:00:24.621000,PIA,0 days 00:01:28.138000,38.0,3.0,HARD,2.0,1,True
0 days 02:01:53.271000,PIA,0 days 00:01:28.650000,39.0,3.0,HARD,3.0,1,False
0 days 02:03:21.954000,PIA,0 days 00:01:28.683000,40.0,3.0,HARD,4.0,1,False
0 days 02:04:50.716000,PIA,0 days 00:01:28.762000,41.0,3.0,HARD,5.0,1,False
0 days 02:06:19.694000,PIA,0 days 00:01:28.978000,42.0,3.0,HARD,6.0,1,False
0 days 02:07:48.026000,PIA,0 days 00:01:28.332000,43.0,3.0,HARD,7.0,1,False
0 days 02:09:16.515000,PIA,0 days 00:01:28.489000,44.0,3.0,HARD,8.0,1,False
0 days 02:10:44.664000,PIA,0 days 00:01:28.149000,45.0,3.0,HARD,9.0,1,False
0 days 02:12:13.470000,PIA,0 days 00:01:28.806000,46.0,3.0,HARD,10.0,1,False
0 days 02:13:42.736000,PIA,0 days 00:01:29.266000,47.0,3.0,HARD,11.0,1,False
0 days 02:15:11.797000,PIA,0 days 00:01:29.061000,48.0,3.0,HARD,12.0,1,False
0 days 02:16:41.242000,PIA,0 days 00:01:29.445000,49.0,3.0,HARD,13.0,1,False
0 days 02:18:10.003000,PIA,0 days 00:01:28.761000,50.0,3.0,HARD,14.0,1,False
0 days 02:19:38.559000,PIA,0 days 00:01:28.556000,51.0,3.0,HARD,15.0,1,False
0 days 02:21:06.956000,PIA,0 days 00:01:28.397000,52.0,3.0,HARD,16.0,1,False
0 days 02:22:35.744000,PIA,0 days 00:01:28.788000,53.0,3.0,HARD,17.0,1,False
0 days 02:24:04.280000,PIA,0 days 00:01:28.536000,54.0,3.0,HARD,18.0,1,False
0 days 02:25:33.009000,PIA,0 days 00:01:28.729000,55.0,3.0,HARD,19.0,1,False
0 days 02:27:01.715000,PIA,0 days 00:01:28.706000,56.0,3.0,HARD,20.0,1,False
0 days 02:28:30.501000,PIA,0 days 00:01:28.786000,57.0,3.0,HARD,21.0,1,False
0 days 02:29:58.968000,PIA,0 days 00:01:28.467000,58.0,3.0,HARD,22.0,1,False
0 days 01:03:59.633000,RUS,,1.0,1.0,MEDIUM,1.0,1,False
0 days 01:05:31.231000,RUS,0 days 00:01:31.598000,2.0,1.0,MEDIUM,2.0,1,True
0 days 01:07:01.829000,RUS,0 days 00:01:30.598000,3.0,1.0,MEDIUM,3.0,1,True
0 days 01:08:32.626000,RUS,0 days 00:01:30.797000,4.0,1.0,MEDIUM,4.0,1,False
0 days 01:10:03.315000,RUS,0 days 00:01:30.689000,5.0,1.0,MEDIUM,5.0,1,False
0 days 01:11:34.123000,RUS,0 days 00:01:30.808000,6.0,1.0,MEDIUM,6.0,1,False
0 days 01:13:04.965000,RUS,0 days 00:01:30.842000,7.0,1.0,MEDIUM,7.0,1,False
0 days 01:14:35.898000,RUS,0 days 00:01:30.933000,8.0,1.0,MEDIUM,8.0,1,False
0 days 01:16:06.665000,RUS,0 days 00:01:30.767000,9.0,1.0,MEDIUM,9.0,1,False
0 days 01:17:37.805000,RUS,0 days 00:01:31.140000,10.0,1.0,MEDIUM,10.0,1,False
0 days 01:19:08.661000,RUS,0 days 00:01:30.856000,11.0,1.0,MEDIUM,11.0,1,False
0 days 01:20:39.611000,RUS,0 days 00:01:30.950000,12.0,1.0,MEDIUM,12.0,1,False
0 days 01:22:10.427000,RUS,0 days 00:01:30.816000,13.0,1.0,MEDIUM,13.0,1,False
0 days 01:23:42.898000,RUS,0 days 00:01:32.471000,14.0,1.0,MEDIUM,14.0,1,False
0 days 01:25:32.415000,RUS,0 days 00:01:49.517000,15.0,2.0,HARD,1.0,1,False
0 days 01:27:01.952000,RUS,0 days 00:01:29.537000,16.0,2.0,HARD,2.0,1,True
0 days 01:28:32.001000,RUS,0 days 00:01:30.049000,17.0,2.0,HARD,3.0,1,False
0 days 01:30:01.523000,RUS,0 days 00:01:29.522000,18.0,2.0,HARD,4.0,1,True
0 days 01:31:31.881000,RUS,0 days 00:01:30.358000,19.0,2.0,HARD,5.0,1,False
0 days 01:33:01.969000,RUS,0 days 00:01:30.088000,20.0,2.0,HARD,6.0,1,False
0 days 01:34:32.087000,RUS,0 days 00:01:30.118000,21.0,2.0,HARD,7.0,1,False
0 days 01:36:01.873000,RUS,0 days 00:01:29.786000,22.0,2.0,HARD,8.0,1,False
0 days 01:37:31.545000,RUS,0 days 00:01:29.672000,23.0,2.0,HARD,9.0,1,False
0 days 01:39:00.900000,RUS,0 days 00:01:29.355000,24.0,2.0,HARD,10.0,1,True
0 days 01:40:30.445000,RUS,0 days 00:01:29.545000,25.0,2.0,HARD,11.0,1,False
0 days 01:41:59.985000,RUS,0 days 00:01:29.540000,26.0,2.0,HARD,12.0,1,False
0 days 01:43:29.417000,RUS,0 days 00:01:29.432000,27.0,2.0,HARD,13.0,1,False
0 days 01:44:58.982000,RUS,0 days 00:01:29.565000,28.0,2.0,HARD,14.0,1,False
0 days 01:46:28.704000,RUS,0 days 00:01:29.722000,29.0,2.0,HARD,15.0,1,False
0 days 01:47:58.544000,RUS,0 days 00:01:29.840000,30.0,2.0,HARD,16.0,1,False
0 days 01:49:27.946000,RUS,0 days 00:01:29.402000,31.0,2.0,HARD,17.0,1,False
0 days 01:50:57.638000,RUS,0 days 00:01:29.692000,32.0,2.0,HARD,18.0,1,False
0 days 01:52:27.231000,RUS,0 days 00:01:29.593000,33.0,2.0,HARD,19.0,1,False
0 days 01:53:58.193000,RUS,0 days 00:01:30.962000,34.0,2.0,HARD,20.0,1,False
0 days 01:55:47.522000,RUS,0 days 00:01:49.329000,35.0,3.0,HARD,1.0,1,False
0 days 01:57:16.209000,RUS,0 days 00:01:28.687000,36.0,3.0,HARD,2.0,1,True
0 days 01:58:45.152000,RUS,0 days 00:01:28.943000,37.0,3.0,HARD,3.0,1,False
0 days 02:00:14.395000,RUS,0 days 00:01:29.243000,38.0,3.0,HARD,4.0,1,False
0 days 02:01:43.589000,RUS,0 days 00:01:29.194000,39.0,3.0,HARD,5.0,1,False
0 days 02:03:12.272000,RUS,0 days 00:01:28.683000,40.0,3.0,HARD,6.0,1,True
0 days 02:04:40.884000,RUS,0 days 00:01:28.612000,41.0,3.0,HARD,7.0,1,True
0 days 02:06:09.676000,RUS,0 days 00:01:28.792000,42.0,3.0,HARD,8.0,1,False
0 days 02:07:38.200000,RUS,0 days 00:01:28.524000,43.0,3.0,HARD,9.0,1,True
0 days 02:09:06.560000,RUS,0 days 00:01:28.360000,44.0,3.0,HARD,10.0,1,True
0 days 02:10:34.747000,RUS,0 days 00:01:28.187000,45.0,3.0,HARD,11.0,1,True
0 days 02:12:02.939000,RUS,0 days 00:01:28.192000,46.0,3.0,HARD,12.0,1,False
0 days 02:13:31.200000,RUS,0 days 00:01:28.261000,47.0,3.0,HARD,13.0,1,False
0 days 02:14:59.730000,RUS,0 days 00:01:28.530000,48.0,3.0,HARD,14.0,1,False
0 days 02:16:28.158000,RUS,0 days 00:01:28.428000,49.0,3.0,HARD,15.0,1,False
0 days 02:17:56.558000,RUS,0 days 00:01:28.400000,50.0,3.0,HARD,16.0,1,False
0 days 02:19:25.250000,RUS,0 days 00:01:28.692000,51.0,3.0,HARD,17.0,1,False
0 days 02:20:54.127000,RUS,0 days 00:01:28.877000,52.0,3.0,HARD,18.0,1,False
0 days 02:22:22.952000,RUS,0 days 00:01:28.825000,53.0,3.0,HARD,19.0,1,False
0 days 02:23:52.990000,RUS,0 days 00:01:30.038000,54.0,3.0,HARD,20.0,1,False
0 days 02:25:21.966000,RUS,0 days 00:01:28.976000,55.0,3.0,HARD,21.0,1,False
0 days 02:26:50.432000,RUS,0 days 00:01:28.466000,56.0,3.0,HARD,22.0,1,False
0 days 02:28:18.989000,RUS,0 days 00:01:28.557000,57.0,3.0,HARD,23.0,1,False
0 days 02:29:47.809000,RUS,0 days 00:01:28.820000,58.0,3.0,HARD,24.0,1,False
0 days 01:03:59.166000,NOR,,1.0,1.0,MEDIUM,1.0,1,False
0 days 01:05:30.596000,NOR,0 days 00:01:31.430000,2.0,1.0,MEDIUM,2.0,1,True
0 days 01:07:01.310000,NOR,0 days 00:01:30.714000,3.0,1.0,MEDIUM,3.0,1,True
0 days 01:08:31.498000,NOR,0 days 00:01:30.188000,4.0,1.0,MEDIUM,4.0,1,True
0 days 01:10:01.954000,NOR,0 days 00:01:30.456000,5.0,1.0,MEDIUM,5.0,1,False
0 days 01:11:32.404000,NOR,0 days 00:01:30.450000,6.0,1.0,MEDIUM,6.0,1,False
0 days 01:13:02.937000,NOR,0 days 00:01:30.533000,7.0,1.0,MEDIUM,7.0,1,False
0 days 01:14:33.613000,NOR,0 days 00:01:30.676000,8.0,1.0,MEDIUM,8.0,1,False
0 days 01:16:04.226000,NOR,0 days 00:01:30.613000,9.0,1.0,MEDIUM,9.0,1,False
0 days 01:17:35.138000,NOR,0 days 00:01:30.912000,10.0,1.0,MEDIUM,10.0,1,False
0 days 01:19:06.366000,NOR,0 days 00:01:31.228000,11.0,1.0,MEDIUM,11.0,1,False
0 days 01:20:37.555000,NOR,0 days 00:01:31.189000,12.0,1.0,MEDIUM,12.0,1,False
0 days 01:22:08.568000,NOR,0 days 00:01:31.013000,13.0,1.0,MEDIUM,13.0,1,False
0 days 01:23:40.962000,NOR,0 days 00:01:32.394000,14.0,1.0,MEDIUM,14.0,1,False
0 days 01:25:34.162000,NOR,0 days 00:01:53.200000,15.0,2.0,HARD,1.0,1,False
0 days 01:27:03.816000,NOR,0 days 00:01:29.654000,16.0,2.0,HARD,2.0,1,True
0 days 01:28:33.949000,NOR,0 days 00:01:30.133000,17.0,2.0,HARD,3.0,1,False
0 days 01:30:03.993000,NOR,0 days 00:01:30.044000,18.0,2.0,HARD,4.0,1,False
0 days 01:31:33.720000,NOR,0 days 00:01:29.727000,19.0,2.0,HARD,5.0,1,False
0 days 01:33:03.622000,NOR,0 days 00:01:29.902000,20.0,2.0,HARD,6.0,1,False
0 days 01:34:33.403000,NOR,0 days 00:01:29.781000,21.0,2.0,HARD,7.0,1,False
0 days 01:36:03.796000,NOR,0 days 00:01:30.393000,22.0,2.0,HARD,8.0,1,False
0 days 01:37:34.036000,NOR,0 days 00:01:30.240000,23.0,2.0,HARD,9.0,1,False
0 days 01:39:03.827000,NOR,0 days 00:01:29.791000,24.0,2.0,HARD,10.0,1,False
0 days 01:40:33.464000,NOR,0 days 00:01:29.637000,25.0,2.0,HARD,11.0,1,True
0 days 01:42:02.772000,NOR,0 days 00:01:29.308000,26.0,2.0,HARD,12.0,1,True
0 days 01:43:32.252000,NOR,0 days 00:01:29.480000,27.0,2.0,HARD,13.0,1,False
0 days 01:45:01.721000,NOR,0 days 00:01:29.469000,28.0,2.0,HARD,14.0,1,False
0 days 01:46:31.147000,NOR,0 days 00:01:29.426000,29.0,2.0,HARD,15.0,1,False
0 days 01:48:00.647000,NOR,0 days 00:01:29.500000,30.0,2.0,HARD,16.0,1,False
0 days 01:49:30.657000,NOR,0 days 00:01:30.010000,31.0,2.0,HARD,17.0,1,False
0 days 01:51:00.499000,NOR,0 days 00:01:29.842000,32.0,2.0,HARD,18.0,1,False
0 days 01:52:31.944000,NOR,0 days 00:01:31.445000,33.0,2.0,HARD,19.0,1,False
0 days 01:54:19.641000,NOR,0 days 00:01:47.697000,34.0,3.0,HARD,1.0,1,False
0 days 01:55:48.377000,NOR,0 days 00:01:28.736000,35.0,3.0,HARD,2.0,1,True
0 days 01:57:18.258000,NOR,0 days 00:01:29.881000,36.0,3.0,HARD,3.0,1,False
0 days 01:58:47.478000,NOR,0 days 00:01:29.220000,37.0,3.0,HARD,4.0,1,False
0 days 02:00:17.074000,NOR,0 days 00:01:29.596000,38.0,3.0,HARD,5.0,1,False
0 days 02:01:46.506000,NOR,0 days 00:01:29.432000,39.0,3.0,HARD,6.0,1,False
0 days 02:03:15.749000,NOR,0 days 00:01:29.243000,40.0,3.0,HARD,7.0,1,False
0 days 02:04:44.813000,NOR,0 days 00:01:29.064000,41.0,3.0,HARD,8.0,1,False
0 days 02:06:13.335000,NOR,0 days 00:01:28.522000,42.0,3.0,HARD,9.0,1,True
0 days 02:07:42.183000,NOR,0 days 00:01:28.848000,43.0,3.0,HARD,10.0,1,False
0 days 02:09:10.722000,NOR,0 days 00:01:28.539000,44.0,3.0,HARD,11.0,1,False
0 days 02:10:38.886000,NOR,0 days 00:01:28.164000,45.0,3.0,HARD,12.0,1,True
0 days 02:12:07.073000,NOR,0 days 00:01:28.187000,46.0,3.0,HARD,13.0,1,False
0 days 02:13:35.641000,NOR,0 days 00:01:28.568000,47.0,3.0,HARD,14.0,1,False
0 days 02:15:05.404000,NOR,0 days 00:01:29.763000,48.0,3.0,HARD,15.0,1,False
0 days 02:16:34.201000,NOR,0 days 00:01:28.797000,49.0,3.0,HARD,16.0,1,False
0 days 02:18:02.835000,NOR,0 days 00:01:28.634000,50.0,3.0,HARD,17.0,1,False
0 days 02:19:31.361000,NOR,0 days 00:01:28.526000,51.0,3.0,HARD,18.0,1,False
0 days 02:21:00.200000,NOR,0 days 00:01:28.839000,52.0,3.0,HARD,19.0,1,False
0 days 02:22:28.757000,NOR,0 days 00:01:28.557000,53.0,3.0,HARD,20.0,1,False
0 days 02:23:57.347000,NOR,0 days 00:01:28.590000,54.0,3.0,HARD,21.0,1,False
0 days 02:25:25.805000,NOR,0 days 00:01:28.458000,55.0,3.0,HARD,22.0,1,False
0 days 02:26:54.377000,NOR,0 days 00:01:28.572000,56.0,3.0,HARD,23.0,1,False
0 days 02:28:23.177000,NOR,0 days 00:01:28.800000,57.0,3.0,HARD,24.0,1,False
0 days 02:29:51.765000,NOR,0 days 00:01:28.588000,58.0,3.0,HARD,25.0,1,False
0 days 01:04:00.292000,TSU,,1.0,1.0,MEDIUM,1.0,1,False
0 days 01:05:31.966000,TSU,0 days 00:01:31.674000,2.0,1.0,MEDIUM,2.0,1,True
0 days 01:07:02.640000,TSU,0 days 00:01:30.674000,3.0,1.0,MEDIUM,3.0,1,True
0 days 01:08:33.397000,TSU,0 days 00:01:30.757000,4.0,1.0,MEDIUM,4.0,1,False
0 days 01:10:04.082000,TSU,0 days 00:01:30.685000,5.0,1.0,MEDIUM,5.0,1,False
0 days 01:11:34.868000,TSU,0 days 00:01:30.786000,6.0,1.0,MEDIUM,6.0,1,False
0 days 01:13:05.694000,TSU,0 days 00:01:30.826000,7.0,1.0,MEDIUM,7.0,1,False
0 days 01:14:36.791000,TSU,0 days 00:01:31.097000,8.0,1.0,MEDIUM,8.0,1,False
0 days 01:16:07.653000,TSU,0 days 00:01:30.862000,9.0,1.0,MEDIUM,9.0,1,False
0 days 01:17:38.757000,TSU,0 days 00:01:31.104000,10.0,1.0,MEDIUM,10.0,1,False
0 days 01:19:10.229000,TSU,0 days 00:01:31.472000,11.0,1.0,MEDIUM,11.0,1,False
0 days 01:20:41.695000,TSU,0 days 00:01:31.466000,12.0,1.0,MEDIUM,12.0,1,False
0 days 01:22:12.893000,TSU,0 days 00:01:31.198000,13.0,1.0,MEDIUM,13.0,1,False
0 days 01:23:43.743000,TSU,0 days 00:01:30.850000,14.0,1.0,MEDIUM,14.0,1,False
0 days 01:25:14.644000,TSU,0 days 00:01:30.901000,15.0,1.0,MEDIUM,15.0,1,False
0 days 01:26:45.725000,TSU,0 days 00:01:31.081000,16.0,1.0,MEDIUM,16.0,1,False
0 days 01:28:16.953000,TSU,0 days 00:01:31.228000,17.0,1.0,MEDIUM,17.0,1,False
0 days 01:29:48.197000,TSU,0 days 00:01:31.244000,18.0,1.0,MEDIUM,18.0,1,False
0 days 01:31:19.650000,TSU,0 days 00:01:31.453000,19.0,1.0,MEDIUM,19.0,1,False
0 days 01:32:50.861000,TSU,0 days 00:01:31.211000,20.0,1.0,MEDIUM,20.0,1,False
0 days 01:34:21.995000,TSU,0 days 00:01:31.134000,21.0,1.0,MEDIUM,21.0,1,False
0 days 01:35:54.562000,TSU,0 days 00:01:32.567000,22.0,1.0,MEDIUM,22.0,1,False
0 days 01:37:44.966000,TSU,0 days 00:01:50.404000,23.0,2.0,HARD,1.0,1,False
0 days 01:39:15.279000,TSU,0 days 00:01:30.313000,24.0,2.0,HARD,2.0,1,True
0 days 01:40:45.383000,TSU,0 days 00:01:30.104000,25.0,2.0,HARD,3.0,1,True
0 days 01:42:15.107000,TSU,0 days 00:01:29.724000,26.0,2.0,HARD,4.0,1,True
0 days 01:43:45.049000,TSU,0 days 00:01:29.942000,27.0,2.0,HARD,5.0,1,False
0 days 01:45:14.941000,TSU,0 days 00:01:29.892000,28.0,2.0,HARD,6.0,1,False
0 days 01:46:44.629000,TSU,0 days 00:01:29.688000,29.0,2.0,HARD,7.0,1,True
0 days 01:48:14.618000,TSU,0 days 00:01:29.989000,30.0,2.0,HARD,8.0,1,False
0 days 01:49:44.285000,TSU,0 days 00:01:29.667000,31.0,2.0,HARD,9.0,1,True
0 days 01:51:14.253000,TSU,0 days 00:01:29.968000,32.0,2.0,HARD,10.0,1,False
0 days 01:52:44.012000,TSU,0 days 00:01:29.759000,33.0,2.0,HARD,11.0,1,False
0 days 01:54:13.988000,TSU,0 days 00:01:29.976000,34.0,2.0,HARD,12.0,1,False
0 days 01:55:43.761000,TSU,0 days 00:01:29.773000,35.0,2.0,HARD,13.0,1,False
0 days 01:57:13.401000,TSU,0 days 00:01:29.640000,36.0,2.0,HARD,14.0,1,True
0 days 01:58:43.235000,TSU,0 days 00:01:29.834000,37.0,2.0,HARD,15.0,1,False
0 days 02:00:13.814000,TSU,0 days 00:01:30.579000,38.0,2.0,HARD,16.0,1,False
0 days 02:01:44.827000,TSU,0 days 00:01:31.013000,39.0,2.0,HARD,17.0,1,False
0 days 02:03:14.460000,TSU,0 days 00:01:29.633000,40.0,2.0,HARD,18.0,1,True
0 days 02:04:43.971000,TSU,0 days 00:01:29.511000,41.0,2.0,HARD,19.0,1,True
0 days 02:06:14.320000,TSU,0 days 00:01:30.349000,42.0,2.0,HARD,20.0,1,False
0 days 02:07:43.979000,TSU,0 days 00:01:29.659000,43.0,2.0,HARD,21.0,1,False
0 days 02:09:13.711000,TSU,0 days 00:01:29.732000,44.0,2.0,HARD,22.0,1,False
0 days 02:10:43.026000,TSU,0 days 00:01:29.315000,45.0,2.0,HARD,23.0,1,True
0 days 02:12:12.436000,TSU,0 days 00:01:29.410000,46.0,2.0,HARD,24.0,1,False
0 days 02:13:41.771000,TSU,0 days 00:01:29.335000,47.0,2.0,HARD,25.0,1,False
0 days 02:15:12.703000,TSU,0 days 00:01:30.932000,48.0,2.0,HARD,26.0,1,False
0 days 02:16:42.654000,TSU,0 days 00:01:29.951000,49.0,2.0,HARD,27.0,1,False
0 days 02:18:12.297000,TSU,0 days 00:01:29.643000,50.0,2.0,HARD,28.0,1,False
0 days 02:19:41.826000,TSU,0 days 00:01:29.529000,51.0,2.0,HARD,29.0,1,False
0 days 02:21:11.280000,TSU,0 days 00:01:29.454000,52.0,2.0,HARD,30.0,1,False
0 days 02:22:40.693000,TSU,0 days 00:01:29.413000,53.0,2.0,HARD,31.0,1,False
0 days 02:24:10.078000,TSU,0 days 00:01:29.385000,54.0,2.0,HARD,32.0,1,False
0 days 02:25:39.334000,TSU,0 days 00:01:29.256000,55.0,2.0,HARD,33.0,1,True
0 days 02:27:10.361000,TSU,0 days 00:01:31.027000,56.0,2.0,HARD,34.0,1,False
0 days 02:28:40.189000,TSU,0 days 00:01:29.828000,57.0,2.0,HARD,35.0,1,False
0 days 02:30:10.569000,TSU,0 days 00:01:30.380000,58.0,2.0,HARD,36.0,1,False
0 days 01:04:00.901000,ALO,,1.0,1.0,MEDIUM,1.0,1,False
0 days 01:05:32.656000,ALO,0 days 00:01:31.755000,2.0,1.0,MEDIUM,2.0,1,True
0 days 01:07:03.479000,ALO,0 days 00:01:30.823000,3.0,1.0,MEDIUM,3.0,1,True
0 days 01:08:34.139000,ALO,0 days 00:01:30.660000,4.0,1.0,MEDIUM,4.0,1,True
0 days 01:10:04.912000,ALO,0 days 00:01:30.773000,5.0,1.0,MEDIUM,5.0,1,False
0 days 01:11:35.715000,ALO,0 days 00:01:30.803000,6.0,1.0,MEDIUM,6.0,1,False
0 days 01:13:06.497000,ALO,0 days 00:01:30.782000,7.0,1.0,MEDIUM,7.0,1,False
0 days 01:14:37.606000,ALO,0 days 00:01:31.109000,8.0,1.0,MEDIUM,8.0,1,False
0 days 01:16:08.521000,ALO,0 days 00:01:30.915000,9.0,1.0,MEDIUM,9.0,1,False
0 days 01:17:39.701000,ALO,0 days 00:01:31.180000,10.0,1.0,MEDIUM,10.0,1,False
0 days 01:19:11.082000,ALO,0 days 00:01:31.381000,11.0,1.0,MEDIUM,11.0,1,False
0 days 01:20:44.460000,ALO,0 days 00:01:33.378000,12.0,1.0,MEDIUM,12.0,1,False
0 days 01:22:34.465000,ALO,0 days 00:01:50.005000,13.0,2.0,HARD,2.0,1,False
0 days 01:24:04.931000,ALO,0 days 00:01:30.466000,14.0,2.0,HARD,3.0,1,True
0 days 01:25:35.320000,ALO,0 days 00:01:30.389000,15.0,2.0,HARD,4.0,1,True
0 days 01:27:05.634000,ALO,0 days 00:01:30.314000,16.0,2.0,HARD,5.0,1,True
0 days 01:28:35.942000,ALO,0 days 00:01:30.308000,17.0,2.0,HARD,6.0,1,True
0 days 01:30:06.322000,ALO,0 days 00:01:30.380000,18.0,2.0,HARD,7.0,1,False
0 days 01:31:36.527000,ALO,0 days 00:01:30.205000,19.0,2.0,HARD,8.0,1,True
0 days 01:33:06.907000,ALO,0 days 00:01:30.380000,20.0,2.0,HARD,9.0,1,False
0 days 01:34:36.794000,ALO,0 days 00:01:29.887000,21.0,2.0,HARD,10.0,1,True
0 days 01:36:07.257000,ALO,0 days 00:01:30.463000,22.0,2.0,HARD,11.0,1,False
0 days 01:37:37.359000,ALO,0 days 00:01:30.102000,23.0,2.0,HARD,12.0,1,False
0 days 01:39:07.452000,ALO,0 days 00:01:30.093000,24.0,2.0,HARD,13.0,1,False
0 days 01:40:38.403000,ALO,0 days 00:01:30.951000,25.0,2.0,HARD,14.0,1,False
0 days 01:42:08.339000,ALO,0 days 00:01:29.936000,26.0,2.0,HARD,15.0,1,False
0 days 01:43:38.568000,ALO,0 days 00:01:30.229000,27.0,2.0,HARD,16.0,1,False
0 days 01:45:09.127000,ALO,0 days 00:01:30.559000,28.0,2.0,HARD,17.0,1,False
0 days 01:46:39.136000,ALO,0 days 00:01:30.009000,29.0,2.0,HARD,18.0,1,False
0 days 01:48:09.551000,ALO,0 days 00:01:30.415000,30.0,2.0,HARD,19.0,1,False
0 days 01:49:39.679000,ALO,0 days 00:01:30.128000,31.0,2.0,HARD,20.0,1,False
0 days 01:51:09.486000,ALO,0 days 00:01:29.807000,32.0,2.0,HARD,21.0,1,True
0 days 01:52:39.912000,ALO,0 days 00:01:30.426000,33.0,2.0,HARD,22.0,1,False
0 days 01:54:09.796000,ALO,0 days 00:01:29.884000,34.0,2.0,HARD,23.0,1,False
0 days 01:55:39.665000,ALO,0 days 00:01:29.869000,35.0,2.0,HARD,24.0,1,False
0 days 01:57:11.713000,ALO,0 days 00:01:32.048000,36.0,2.0,HARD,25.0,1,False
0 days 01:59:01.992000,ALO,0 days 00:01:50.279000,37.0,3.0,HARD,2.0,1,False
0 days 02:00:30.901000,ALO,0 days 00:01:28.909000,38.0,3.0,HARD,3.0,1,True
0 days 02:01:59.701000,ALO,0 days 00:01:28.800000,39.0,3.0,HARD,4.0,1,True
0 days 02:03:28.318000,ALO,0 days 00:01:28.617000,40.0,3.0,HARD,5.0,1,True
0 days 02:04:57.128000,ALO,0 days 00:01:28.810000,41.0,3.0,HARD,6.0,1,False
0 days 02:06:25.384000,ALO,0 days 00:01:28.256000,42.0,3.0,HARD,7.0,1,True
0 days 02:07:54.153000,ALO,0 days 00:01:28.769000,43.0,3.0,HARD,8.0,1,False
0 days 02:09:23.139000,ALO,0 days 00:01:28.986000,44.0,3.0,HARD,9.0,1,False
0 days 02:10:53.316000,ALO,0 days 00:01:30.177000,45.0,3.0,HARD,10.0,1,False
0 days 02:12:21.870000,ALO,0 days 00:01:28.554000,46.0,3.0,HARD,11.0,1,False
0 days 02:13:50.495000,ALO,0 days 00:01:28.625000,47.0,3.0,HARD,12.0,1,False
0 days 02:15:19.087000,ALO,0 days 00:01:28.592000,48.0,3.0,HARD,13.0,1,False
0 days 02:16:47.587000,ALO,0 days 00:01:28.500000,49.0,3.0,HARD,14.0,1,False
0 days 02:18:16.206000,ALO,0 days 00:01:28.619000,50.0,3.0,HARD,15.0,1,False
0 days 02:19:44.697000,ALO,0 days 00:01:28.491000,51.0,3.0,HARD,16.0,1,False
0 days 02:21:13.301000,ALO,0 days 00:01:28.604000,52.0,3.0,HARD,17.0,1,False
0 days 02:22:42.015000,ALO,0 days 00:01:28.714000,53.0,3.0,HARD,18.0,1,False
0 days 02:24:11.189000,ALO,0 days 00:01:29.174000,54.0,3.0,HARD,19.0,1,False
0 days 02:25:40.141000,ALO,0 days 00:01:28.952000,55.0,3.0,HARD,20.0,1,False
0 days 02:27:09.249000,ALO,0 days 00:01:29.108000,56.0,3.0,HARD,21.0,1,False
0 days 02:28:38.287000,ALO,0 days 00:01:29.038000,57.0,3.0,HARD,22.0,1,False
0 days 02:30:06.993000,ALO,0 days 00:01:28.706000,58.0,3.0,HARD,23.0,1,False
0 days 01:04:04.148000,HUL,,1.0,1.0,MEDIUM,1.0,1,False
0 days 01:05:37.069000,HUL,0 days 00:01:32.921000,2.0,1.0,MEDIUM,2.0,1,True
0 days 01:07:08.420000,HUL,0 days 00:01:31.351000,3.0,1.0,MEDIUM,3.0,1,True
0 days 01:08:39.794000,HUL,0 days 00:01:31.374000,4.0,1.0,MEDIUM,4.0,1,False
0 days 01:10:11.021000,HUL,0 days 00:01:31.227000,5.0,1.0,MEDIUM,5.0,1,True
0 days 01:11:42.122000,HUL,0 days 00:01:31.101000,6.0,1.0,MEDIUM,6.0,1,True
0 days 01:13:13.454000,HUL,0 days 00:01:31.332000,7.0,1.0,MEDIUM,7.0,1,False
0 days 01:14:44.954000,HUL,0 days 00:01:31.500000,8.0,1.0,MEDIUM,8.0,1,False
0 days 01:16:16.499000,HUL,0 days 00:01:31.545000,9.0,1.0,MEDIUM,9.0,1,False
0 days 01:17:48.082000,HUL,0 days 00:01:31.583000,10.0,1.0,MEDIUM,10.0,1,False
0 days 01:19:20.084000,HUL,0 days 00:01:32.002000,11.0,1.0,MEDIUM,11.0,1,False
0 days 01:20:51.911000,HUL,0 days 00:01:31.827000,12.0,1.0,MEDIUM,12.0,1,False
0 days 01:22:25.630000,HUL,0 days 00:01:33.719000,13.0,1.0,MEDIUM,13.0,1,False
0 days 01:24:16.373000,HUL,0 days 00:01:50.743000,14.0,2.0,HARD,1.0,1,False
0 days 01:25:46.506000,HUL,0 days 00:01:30.133000,15.0,2.0,HARD,2.0,1,True
0 days 01:27:17.080000,HUL,0 days 00:01:30.574000,16.0,2.0,HARD,3.0,1,False
0 days 01:28:47.436000,HUL,0 days 00:01:30.356000,17.0,2.0,HARD,4.0,1,False
0 days 01:30:19.071000,HUL,0 days 00:01:31.635000,18.0,2.0,HARD,5.0,1,False
0 days 01:31:49.406000,HUL,0 days 00:01:30.335000,19.0,2.0,HARD,6.0,1,False
0 days 01:33:19.842000,HUL,0 days 00:01:30.436000,20.0,2.0,HARD,7.0,1,False
0 days 01:34:50.478000,HUL,0 days 00:01:30.636000,21.0,2.0,HARD,8.0,1,False
0 days 01:36:20.929000,HUL,0 days 00:01:30.451000,22.0,2.0,HARD,9.0,1,False
0 days 01:37:51.949000,HUL,0 days 00:01:31.020000,23.0,2.0,HARD,10.0,1,False
0 days 01:39:23.053000,HUL,0 days 00:01:31.104000,24.0,2.0,HARD,11.0,1,False
0 days 01:40:53.921000,HUL,0 days 00:01:30.868000,25.0,2.0,HARD,12.0,1,False
0 days 01:42:25.365000,HUL,0 days 00:01:31.444000,26.0,2.0,HARD,13.0,1,False
0 days 01:43:57.450000,HUL,0 days 00:01:32.085000,27.0,2.0,HARD,14.0,1,False
0 days 01:45:29.030000,HUL,0 days 00:01:31.580000,28.0,2.0,HARD,15.0,1,False
0 days 01:47:00.798000,HUL,0 days 00:01:31.768000,29.0,2.0,HARD,16.0,1,False
0 days 01:48:31.465000,HUL,0 days 00:01:30.667000,30.0,2.0,HARD,17.0,1,False
0 days 01:50:02.058000,HUL,0 days 00:01:30.593000,31.0,2.0,HARD,18.0,1,False
0 days 01:51:32.903000,HUL,0 days 00:01:30.845000,32.0,2.0,HARD,19.0,1,False
0 days 01:53:05.358000,HUL,0 days 00:01:32.455000,33.0,2.0,HARD,20.0,1,False
0 days 01:54:55.556000,HUL,0 days 00:01:50.198000,34.0,3.0,HARD,1.0,1,False
0 days 01:56:26.054000,HUL,0 days 00:01:30.498000,35.0,3.0,HARD,2.0,1,False
0 days 01:57:55.745000,HUL,0 days 00:01:29.691000,36.0,3.0,HARD,3.0,1,True
0 days 01:59:25.492000,HUL,0 days 00:01:29.747000,37.0,3.0,HARD,4.0,1,False
0 days 02:00:54.954000,HUL,0 days 00:01:29.462000,38.0,3.0,HARD,5.0,1,True
0 days 02:02:25.045000,HUL,0 days 00:01:30.091000,39.0,3.0,HARD,6.0,1,False
0 days 02:03:55.166000,HUL,0 days 00:01:30.121000,40.0,3.0,HARD,7.0,1,False
0 days 02:05:25.059000,HUL,0 days 00:01:29.893000,41.0,3.0,HARD,8.0,1,False
0 days 02:06:54.455000,HUL,0 days 00:01:29.396000,42.0,3.0,HARD,9.0,1,True
0 days 02:08:23.940000,HUL,0 days 00:01:29.485000,43.0,3.0,HARD,10.0,1,False
0 days 02:09:53.482000,HUL,0 days 00:01:29.542000,44.0,3.0,HARD,11.0,1,False
0 days 02:11:22.982000,HUL,0 days 00:01:29.500000,45.0,3.0,HARD,12.0,1,False
0 days 02:12:52.438000,HUL,0 days 00:01:29.456000,46.0,3.0,HARD,13.0,1,False
0 days 02:14:22.473000,HUL,0 days 00:01:30.035000,47.0,3.0,HARD,14.0,1,False
0 days 02:15:52.594000,HUL,0 days 00:01:30.121000,48.0,3.0,HARD,15.0,1,False
0 days 02:17:23.299000,HUL,0 days 00:01:30.705000,49.0,3.0,HARD,16.0,1,False
0 days 02:18:53.499000,HUL,0 days 00:01:30.200000,50.0,3.0,HARD,17.0,1,False
0 days 02:20:23.578000,HUL,0 days 00:01:30.079000,51.0,3.0,HARD,18.0,1,False
0 days 02:21:53.683000,HUL,0 days 00:01:30.105000,52.0,3.0,HARD,19.0,1,False
0 days 02:23:23.773000,HUL,0 days 00:01:30.090000,53.0,3.0,HARD,20.0,1,False
0 days 02:24:53.440000,HUL,0 days 00:01:29.667000,54.0,3.0,HARD,21.0,1,False
0 days 02:26:23.016000,HUL,0 days 00:01:29.576000,55.0,3.0,HARD,22.0,1,False
0 days 02:27:52.523000,HUL,0 days 00:01:29.507000,56.0,3.0,HARD,23.0,1,False
0 days 02:29:21.960000,HUL,0 days 00:01:29.437000,57.0,3.0,HARD,24.0,1,False
0 days 02:30:51.177000,HUL,0 days 00:01:29.217000,58.0,3.0,HARD,25.0,1,True
0 days 01:04:02.602000,PER,,1.0,1.0,MEDIUM,1.0,1,False
0 days 01:05:34.274000,PER,0 days 00:01:31.672000,2.0,1.0,MEDIUM,2.0,1,True
0 days 01:07:04.743000,PER,0 days 00:01:30.469000,3.0,1.0,MEDIUM,3.0,1,True
0 days 01:08:35.502000,PER,0 days 00:01:30.759000,4.0,1.0,MEDIUM,4.0,1,False
0 days 01:10:06.299000,PER,0 days 00:01:30.797000,5.0,1.0,MEDIUM,5.0,1,False
0 days 01:11:36.981000,PER,0 days 00:01:30.682000,6.0,1.0,MEDIUM,6.0,1,False
0 days 01:13:07.799000,PER,0 days 00:01:30.818000,7.0,1.0,MEDIUM,7.0,1,False
0 days 01:14:38.792000,PER,0 days 00:01:30.993000,8.0,1.0,MEDIUM,8.0,1,False
0 days 01:16:10.079000,PER,0 days 00:01:31.287000,9.0,1.0,MEDIUM,9.0,1,False
0 days 01:17:41.293000,PER,0 days 00:01:31.214000,10.0,1.0,MEDIUM,10.0,1,False
0 days 01:19:12.828000,PER,0 days 00:01:31.535000,11.0,1.0,MEDIUM,11.0,1,False
0 days 01:20:43.702000,PER,0 days 00:01:30.874000,12.0,1.0,MEDIUM,12.0,1,False
0 days 01:22:15.011000,PER,0 days 00:01:31.309000,13.0,1.0,MEDIUM,13.0,1,False
0 days 01:23:46.201000,PER,0 days 00:01:31.190000,14.0,1.0,MEDIUM,14.0,1,False
0 days 01:25:17.426000,PER,0 days 00:01:31.225000,15.0,1.0,MEDIUM,15.0,1,False
0 days 01:26:48.801000,PER,0 days 00:01:31.375000,16.0,1.0,MEDIUM,16.0,1,False
0 days 01:28:22.057000,PER,0 days 00:01:33.256000,17.0,1.0,MEDIUM,17.0,1,False
0 days 01:30:11.088000,PER,0 days 00:01:49.031000,18.0,2.0,HARD,1.0,1,False
0 days 01:31:40.453000,PER,0 days 00:01:29.365000,19.0,2.0,HARD,2.0,1,True
0 days 01:33:09.560000,PER,0 days 00:01:29.107000,20.0,2.0,HARD,3.0,1,True
0 days 01:34:38.546000,PER,0 days 00:01:28.986000,21.0,2.0,HARD,4.0,1,True
0 days 01:36:08.265000,PER,0 days 00:01:29.719000,22.0,2.0,HARD,5.0,1,False
0 days 01:37:37.975000,PER,0 days 00:01:29.710000,23.0,2.0,HARD,6.0,1,False
0 days 01:39:07.976000,PER,0 days 00:01:30.001000,24.0,2.0,HARD,7.0,1,False
0 days 01:40:37.548000,PER,0 days 00:01:29.572000,25.0,2.0,HARD,8.0,1,False
0 days 01:42:07.412000,PER,0 days 00:01:29.864000,26.0,2.0,HARD,9.0,1,False
0 days 01:43:36.752000,PER,0 days 00:01:29.340000,27.0,2.0,HARD,10.0,1,False
0 days 01:45:05.706000,PER,0 days 00:01:28.954000,28.0,2.0,HARD,11.0,1,True
0 days 01:46:35.269000,PER,0 days 00:01:29.563000,29.0,2.0,HARD,12.0,1,False
0 days 01:48:04.749000,PER,0 days 00:01:29.480000,30.0,2.0,HARD,13.0,1,False
0 days 01:49:34.162000,PER,0 days 00:01:29.413000,31.0,2.0,HARD,14.0,1,False
0 days 01:51:03.476000,PER,0 days 00:01:29.314000,32.0,2.0,HARD,15.0,1,False
0 days 01:52:32.737000,PER,0 days 00:01:29.261000,33.0,2.0,HARD,16.0,1,False
0 days 01:54:02.053000,PER,0 days 00:01:29.316000,34.0,2.0,HARD,17.0,1,False
0 days 01:55:31.296000,PER,0 days 00:01:29.243000,35.0,2.0,HARD,18.0,1,False
0 days 01:57:00.224000,PER,0 days 00:01:28.928000,36.0,2.0,HARD,19.0,1,True
0 days 01:58:29.216000,PER,0 days 00:01:28.992000,37.0,2.0,HARD,20.0,1,False
0 days 01:59:58.259000,PER,0 days 00:01:29.043000,38.0,2.0,HARD,21.0,1,False
0 days 02:01:27.389000,PER,0 days 00:01:29.130000,39.0,2.0,HARD,22.0,1,False
0 days 02:02:56.298000,PER,0 days 00:01:28.909000,40.0,2.0,HARD,23.0,1,True
0 days 02:04:25.493000,PER,0 days 00:01:29.195000,41.0,2.0,HARD,24.0,1,False
0 days 02:05:56.451000,PER,0 days 00:01:30.958000,42.0,2.0,HARD,25.0,1,False
0 days 02:07:44.530000,PER,0 days 00:01:48.079000,43.0,3.0,HARD,1.0,1,False
0 days 02:09:12.023000,PER,0 days 00:01:27.493000,44.0,3.0,HARD,2.0,1,True
0 days 02:10:39.860000,PER,0 days 00:01:27.837000,45.0,3.0,HARD,3.0,1,False
0 days 02:12:07.774000,PER,0 days 00:01:27.914000,46.0,3.0,HARD,4.0,1,False
0 days 02:13:36.175000,PER,0 days 00:01:28.401000,47.0,3.0,HARD,5.0,1,False
0 days 02:15:04.145000,PER,0 days 00:01:27.970000,48.0,3.0,HARD,6.0,1,False
0 days 02:16:32.071000,PER,0 days 00:01:27.926000,49.0,3.0,HARD,7.0,1,False
0 days 02:17:59.829000,PER,0 days 00:01:27.758000,50.0,3.0,HARD,8.0,1,False
0 days 02:19:27.695000,PER,0 days 00:01:27.866000,51.0,3.0,HARD,9.0,1,False
0 days 02:20:55.581000,PER,0 days 00:01:27.886000,52.0,3.0,HARD,10.0,1,False
0 days 02:22:23.888000,PER,0 days 00:01:28.307000,53.0,3.0,HARD,11.0,1,False
0 days 02:23:51.912000,PER,0 days 00:01:28.024000,54.0,3.0,HARD,12.0,1,False
0 days 02:25:20.099000,PER,0 days 00:01:28.187000,55.0,3.0,HARD,13.0,1,False
0 days 02:26:47.995000,PER,0 days 00:01:27.896000,56.0,3.0,HARD,14.0,1,False
0 days 02:28:15.986000,PER,0 days 00:01:27.991000,57.0,3.0,HARD,15.0,1,False
0 days 02:29:43.934000,PER,0 days 00:01:27.948000,58.0,3.0,HARD,16.0,1,False
0 days 01:04:01.433000,GAS,,1.0,1.0,MEDIUM,1.0,1,False
0 days 01:05:33.207000,GAS,0 days 00:01:31.774000,2.0,1.0,MEDIUM,2.0,1,True
0 days 01:07:04.031000,GAS,0 days 00:01:30.824000,3.0,1.0,MEDIUM,3.0,1,True
0 days 01:08:34.789000,GAS,0 days 00:01:30.758000,4.0,1.0,MEDIUM,4.0,1,True
0 days 01:10:05.553000,GAS,0 days 00:01:30.764000,5.0,1.0,MEDIUM,5.0,1,False
0 days 01:11:36.439000,GAS,0 days 00:01:30.886000,6.0,1.0,MEDIUM,6.0,1,False
0 days 01:13:07.226000,GAS,0 days 00:01:30.787000,7.0,1.0,MEDIUM,7.0,1,False
0 days 01:14:38.170000,GAS,0 days 00:01:30.944000,8.0,1.0,MEDIUM,8.0,1,False
0 days 01:16:09.475000,GAS,0 days 00:01:31.305000,9.0,1.0,MEDIUM,9.0,1,False
0 days 01:17:40.611000,GAS,0 days 00:01:31.136000,10.0,1.0,MEDIUM,10.0,1,False
0 days 01:19:12.078000,GAS,0 days 00:01:31.467000,11.0,1.0,MEDIUM,11.0,1,False
0 days 01:20:44.570000,GAS,0 days 00:01:32.492000,12.0,1.0,MEDIUM,12.0,1,False
0 days 01:22:16.102000,GAS,0 days 00:01:31.532000,13.0,1.0,MEDIUM,13.0,1,False
0 days 01:23:47.559000,GAS,0 days 00:01:31.457000,14.0,1.0,MEDIUM,14.0,1,False
0 days 01:25:19.545000,GAS,0 days 00:01:31.986000,15.0,1.0,MEDIUM,15.0,1,False
0 days 01:26:51.818000,GAS,0 days 00:01:32.273000,16.0,1.0,MEDIUM,16.0,1,False
0 days 01:28:26.527000,GAS,0 days 00:01:34.709000,17.0,1.0,MEDIUM,17.0,1,False
0 days 01:30:17.932000,GAS,0 days 00:01:51.405000,18.0,2.0,HARD,1.0,1,False
0 days 01:31:47.932000,GAS,0 days 00:01:30,19.0,2.0,HARD,2.0,1,True
0 days 01:33:18.174000,GAS,0 days 00:01:30.242000,20.0,2.0,HARD,3.0,1,False
0 days 01:34:48.596000,GAS,0 days 00:01:30.422000,21.0,2.0,HARD,4.0,1,False
0 days 01:36:18.775000,GAS,0 days 00:01:30.179000,22.0,2.0,HARD,5.0,1,False
0 days 01:37:49.933000,GAS,0 days 00:01:31.158000,23.0,2.0,HARD,6.0,1,False
0 days 01:39:20.735000,GAS,0 days 00:01:30.802000,24.0,2.0,HARD,7.0,1,False
0 days 01:40:51.587000,GAS,0 days 00:01:30.852000,25.0,2.0,HARD,8.0,1,False
0 days 01:42:22.216000,GAS,0 days 00:01:30.629000,26.0,2.0,HARD,9.0,1,False
0 days 01:43:52.620000,GAS,0 days 00:01:30.404000,27.0,2.0,HARD,10.0,1,False
0 days 01:45:23.116000,GAS,0 days 00:01:30.496000,28.0,2.0,HARD,11.0,1,False
0 days 01:46:53.445000,GAS,0 days 00:01:30.329000,29.0,2.0,HARD,12.0,1,False
0 days 01:48:23.837000,GAS,0 days 00:01:30.392000,30.0,2.0,HARD,13.0,1,False
0 days 01:49:54.076000,GAS,0 days 00:01:30.239000,31.0,2.0,HARD,14.0,1,False
0 days 01:51:26.639000,GAS,0 days 00:01:32.563000,32.0,2.0,HARD,15.0,1,False
0 days 01:53:17.940000,GAS,0 days 00:01:51.301000,33.0,3.0,HARD,1.0,1,False
0 days 01:54:47.091000,GAS,0 days 00:01:29.151000,34.0,3.0,HARD,2.0,1,True
0 days 01:56:16.107000,GAS,0 days 00:01:29.016000,35.0,3.0,HARD,3.0,1,True
0 days 01:57:45.458000,GAS,0 days 00:01:29.351000,36.0,3.0,HARD,4.0,1,False
0 days 01:59:15.468000,GAS,0 days 00:01:30.010000,37.0,3.0,HARD,5.0,1,False
0 days 02:00:45.566000,GAS,0 days 00:01:30.098000,38.0,3.0,HARD,6.0,1,False
0 days 02:02:16.363000,GAS,0 days 00:01:30.797000,39.0,3.0,HARD,7.0,1,False
0 days 02:03:46.222000,GAS,0 days 00:01:29.859000,40.0,3.0,HARD,8.0,1,False
0 days 02:05:15.843000,GAS,0 days 00:01:29.621000,41.0,3.0,HARD,9.0,1,False
0 days 02:06:45.074000,GAS,0 days 00:01:29.231000,42.0,3.0,HARD,10.0,1,False
0 days 02:08:14.791000,GAS,0 days 00:01:29.717000,43.0,3.0,HARD,11.0,1,False
0 days 02:09:44.561000,GAS,0 days 00:01:29.770000,44.0,3.0,HARD,12.0,1,False
0 days 02:11:14.064000,GAS,0 days 00:01:29.503000,45.0,3.0,HARD,13.0,1,False
0 days 02:12:43.492000,GAS,0 days 00:01:29.428000,46.0,3.0,HARD,14.0,1,False
0 days 02:14:13.218000,GAS,0 days 00:01:29.726000,47.0,3.0,HARD,15.0,1,False
0 days 02:15:42.723000,GAS,0 days 00:01:29.505000,48.0,3.0,HARD,16.0,1,False
0 days 02:17:12.241000,GAS,0 days 00:01:29.518000,49.0,3.0,HARD,17.0,1,False
0 days 02:18:41.790000,GAS,0 days 00:01:29.549000,50.0,3.0,HARD,18.0,1,False
0 days 02:20:11.235000,GAS,0 days 00:01:29.445000,51.0,3.0,HARD,19.0,1,False
0 days 02:21:40.822000,GAS,0 days 00:01:29.587000,52.0,3.0,HARD,20.0,1,False
0 days 02:23:10.354000,GAS,0 days 00:01:29.532000,53.0,3.0,HARD,21.0,1,False
0 days 02:24:39.789000,GAS,0 days 00:01:29.435000,54.0,3.0,HARD,22.0,1,False
0 days 02:26:09.096000,GAS,0 days 00:01:29.307000,55.0,3.0,HARD,23.0,1,False
0 days 02:27:38.592000,GAS,0 days 00:01:29.496000,56.0,3.0,HARD,24.0,1,False
0 days 02:29:08.234000,GAS,0 days 00:01:29.642000,57.0,3.0,HARD,25.0,1,False
0 days 02:30:37.781000,GAS,0 days 00:01:29.547000,58.0,3.0,HARD,26.0,1,False
0 days 01:04:02.084000,HAM,,1.0,1.0,MEDIUM,1.0,1,False
0 days 01:05:33.811000,HAM,0 days 00:01:31.727000,2.0,1.0,MEDIUM,2.0,1,True
0 days 01:07:05.337000,HAM,0 days 00:01:31.526000,3.0,1.0,MEDIUM,3.0,1,True
0 days 01:08:36.181000,HAM,0 days 00:01:30.844000,4.0,1.0,MEDIUM,4.0,1,True
0 days 01:10:07.025000,HAM,0 days 00:01:30.844000,5.0,1.0,MEDIUM,5.0,1,False
0 days 01:11:37.659000,HAM,0 days 00:01:30.634000,6.0,1.0,MEDIUM,6.0,1,True
0 days 01:13:08.558000,HAM,0 days 00:01:30.899000,7.0,1.0,MEDIUM,7.0,1,False
0 days 01:14:39.619000,HAM,0 days 00:01:31.061000,8.0,1.0,MEDIUM,8.0,1,False
0 days 01:16:10.751000,HAM,0 days 00:01:31.132000,9.0,1.0,MEDIUM,9.0,1,False
0 days 01:17:42.022000,HAM,0 days 00:01:31.271000,10.0,1.0,MEDIUM,10.0,1,False
0 days 01:19:13.400000,HAM,0 days 00:01:31.378000,11.0,1.0,MEDIUM,11.0,1,False
0 days 01:20:45.116000,HAM,0 days 00:01:31.716000,12.0,1.0,MEDIUM,12.0,1,False
0 days 01:22:16.805000,HAM,0 days 00:01:31.689000,13.0,1.0,MEDIUM,13.0,1,False
0 days 01:23:48.237000,HAM,0 days 00:01:31.432000,14.0,1.0,MEDIUM,14.0,1,False
0 days 01:25:21.888000,HAM,0 days 00:01:33.651000,15.0,1.0,MEDIUM,15.0,1,False
0 days 01:27:12.723000,HAM,0 days 00:01:50.835000,16.0,2.0,HARD,1.0,1,False
0 days 01:28:42.818000,HAM,0 days 00:01:30.095000,17.0,2.0,HARD,2.0,1,True
0 days 01:30:12.875000,HAM,0 days 00:01:30.057000,18.0,2.0,HARD,3.0,1,True
0 days 01:31:42.854000,HAM,0 days 00:01:29.979000,19.0,2.0,HARD,4.0,1,True
0 days 01:33:12.511000,HAM,0 days 00:01:29.657000,20.0,2.0,HARD,5.0,1,True
0 days 01:34:42.361000,HAM,0 days 00:01:29.850000,21.0,2.0,HARD,6.0,1,False
0 days 01:36:13.863000,HAM,0 days 00:01:31.502000,22.0,2.0,HARD,7.0,1,False
0 days 01:37:44.128000,HAM,0 days 00:01:30.265000,23.0,2.0,HARD,8.0,1,False
0 days 01:39:13.989000,HAM,0 days 00:01:29.861000,24.0,2.0,HARD,9.0,1,False
0 days 01:40:43.359000,HAM,0 days 00:01:29.370000,25.0,2.0,HARD,10.0,1,True
0 days 01:42:13.258000,HAM,0 days 00:01:29.899000,26.0,2.0,HARD,11.0,1,False
0 days 01:43:42.826000,HAM,0 days 00:01:29.568000,27.0,2.0,HARD,12.0,1,False
0 days 01:45:12.517000,HAM,0 days 00:01:29.691000,28.0,2.0,HARD,13.0,1,False
0 days 01:46:42.359000,HAM,0 days 00:01:29.842000,29.0,2.0,HARD,14.0,1,False
0 days 01:48:12.477000,HAM,0 days 00:01:30.118000,30.0,2.0,HARD,15.0,1,False
0 days 01:49:42.283000,HAM,0 days 00:01:29.806000,31.0,2.0,HARD,16.0,1,False
0 days 01:51:12.159000,HAM,0 days 00:01:29.876000,32.0,2.0,HARD,17.0,1,False
0 days 01:52:41.933000,HAM,0 days 00:01:29.774000,33.0,2.0,HARD,18.0,1,False
0 days 01:54:11.722000,HAM,0 days 00:01:29.789000,34.0,2.0,HARD,19.0,1,False
0 days 01:55:43.046000,HAM,0 days 00:01:31.324000,35.0,2.0,HARD,20.0,1,False
0 days 01:57:31.827000,HAM,0 days 00:01:48.781000,36.0,3.0,HARD,1.0,1,False
0 days 01:59:01.359000,HAM,0 days 00:01:29.532000,37.0,3.0,HARD,2.0,1,False
0 days 02:00:31.732000,HAM,0 days 00:01:30.373000,38.0,3.0,HARD,3.0,1,False
0 days 02:02:00.953000,HAM,0 days 00:01:29.221000,39.0,3.0,HARD,4.0,1,True
0 days 02:03:29.820000,HAM,0 days 00:01:28.867000,40.0,3.0,HARD,5.0,1,True
0 days 02:04:58.630000,HAM,0 days 00:01:28.810000,41.0,3.0,HARD,6.0,1,True
0 days 02:06:27.423000,HAM,0 days 00:01:28.793000,42.0,3.0,HARD,7.0,1,True
0 days 02:07:56.134000,HAM,0 days 00:01:28.711000,43.0,3.0,HARD,8.0,1,True
0 days 02:09:25.124000,HAM,0 days 00:01:28.990000,44.0,3.0,HARD,9.0,1,False
0 days 02:10:54.147000,HAM,0 days 00:01:29.023000,45.0,3.0,HARD,10.0,1,False
0 days 02:12:23.876000,HAM,0 days 00:01:29.729000,46.0,3.0,HARD,11.0,1,False
0 days 02:13:53.404000,HAM,0 days 00:01:29.528000,47.0,3.0,HARD,12.0,1,False
0 days 02:15:22.218000,HAM,0 days 00:01:28.814000,48.0,3.0,HARD,13.0,1,False
0 days 02:16:51.027000,HAM,0 days 00:01:28.809000,49.0,3.0,HARD,14.0,1,False
0 days 02:18:19.612000,HAM,0 days 00:01:28.585000,50.0,3.0,HARD,15.0,1,True
0 days 02:19:48.143000,HAM,0 days 00:01:28.531000,51.0,3.0,HARD,16.0,1,True
0 days 02:21:16.515000,HAM,0 days 00:01:28.372000,52.0,3.0,HARD,17.0,1,True
0 days 02:22:44.989000,HAM,0 days 00:01:28.474000,53.0,3.0,HARD,18.0,1,False
0 days 02:24:13.623000,HAM,0 days 00:01:28.634000,54.0,3.0,HARD,19.0,1,False
0 days 02:25:42.207000,HAM,0 days 00:01:28.584000,55.0,3.0,HARD,20.0,1,False
0 days 02:27:11.345000,HAM,0 days 00:01:29.138000,56.0,3.0,HARD,21.0,1,False
0 days 02:28:41.011000,HAM,0 days 00:01:29.666000,57.0,3.0,HARD,22.0,1,False
0 days 02:30:11.905000,HAM,0 days 00:01:30.894000,58.0,3.0,HARD,23.0,1,False
0 days 01:04:03.054000,OCO,,1.0,1.0,MEDIUM,1.0,1,False
0 days 01:05:34.864000,OCO,0 days 00:01:31.810000,2.0,1.0,MEDIUM,2.0,1,True
0 days 01:07:05.897000,OCO,0 days 00:01:31.033000,3.0,1.0,MEDIUM,3.0,1,True
0 days 01:08:36.885000,OCO,0 days 00:01:30.988000,4.0,1.0,MEDIUM,4.0,1,True
0 days 01:10:07.879000,OCO,0 days 00:01:30.994000,5.0,1.0,MEDIUM,5.0,1,False
0 days 01:11:38.568000,OCO,0 days 00:01:30.689000,6.0,1.0,MEDIUM,6.0,1,True
0 days 01:13:09.500000,OCO,0 days 00:01:30.932000,7.0,1.0,MEDIUM,7.0,1,False
0 days 01:14:40.497000,OCO,0 days 00:01:30.997000,8.0,1.0,MEDIUM,8.0,1,False
0 days 01:16:11.570000,OCO,0 days 00:01:31.073000,9.0,1.0,MEDIUM,9.0,1,False
0 days 01:17:42.824000,OCO,0 days 00:01:31.254000,10.0,1.0,MEDIUM,10.0,1,False
0 days 01:19:14.246000,OCO,0 days 00:01:31.422000,11.0,1.0,MEDIUM,11.0,1,False
0 days 01:20:45.773000,OCO,0 days 00:01:31.527000,12.0,1.0,MEDIUM,12.0,1,False
0 days 01:22:17.543000,OCO,0 days 00:01:31.770000,13.0,1.0,MEDIUM,13.0,1,False
0 days 01:23:49.190000,OCO,0 days 00:01:31.647000,14.0,1.0,MEDIUM,14.0,1,False
0 days 01:25:22.857000,OCO,0 days 00:01:33.667000,15.0,1.0,MEDIUM,15.0,1,False
0 days 01:27:13.472000,OCO,0 days 00:01:50.615000,16.0,2.0,HARD,1.0,1,False
0 days 01:28:43.606000,OCO,0 days 00:01:30.134000,17.0,2.0,HARD,2.0,1,True
0 days 01:30:13.882000,OCO,0 days 00:01:30.276000,18.0,2.0,HARD,3.0,1,False
0 days 01:31:44.014000,OCO,0 days 00:01:30.132000,19.0,2.0,HARD,4.0,1,True
0 days 01:33:14.142000,OCO,0 days 00:01:30.128000,20.0,2.0,HARD,5.0,1,True
0 days 01:34:44.388000,OCO,0 days 00:01:30.246000,21.0,2.0,HARD,6.0,1,False
0 days 01:36:15.144000,OCO,0 days 00:01:30.756000,22.0,2.0,HARD,7.0,1,False
0 days 01:37:46.870000,OCO,0 days 00:01:31.726000,23.0,2.0,HARD,8.0,1,False
0 days 01:39:17.661000,OCO,0 days 00:01:30.791000,24.0,2.0,HARD,9.0,1,False
0 days 01:40:47.999000,OCO,0 days 00:01:30.338000,25.0,2.0,HARD,10.0,1,False
0 days 01:42:18.992000,OCO,0 days 00:01:30.993000,26.0,2.0,HARD,11.0,1,False
0 days 01:43:49.570000,OCO,0 days 00:01:30.578000,27.0,2.0,HARD,12.0,1,False
0 days 01:45:19.892000,OCO,0 days 00:01:30.322000,28.0,2.0,HARD,13.0,1,False
0 days 01:46:50.396000,OCO,0 days 00:01:30.504000,29.0,2.0,HARD,14.0,1,False
0 days 01:48:20.910000,OCO,0 days 00:01:30.514000,30.0,2.0,HARD,15.0,1,False
0 days 01:49:51.229000,OCO,0 days 00:01:30.319000,31.0,2.0,HARD,16.0,1,False
0 days 01:51:21.472000,OCO,0 days 00:01:30.243000,32.0,2.0,HARD,17.0,1,False
0 days 01:52:51.716000,OCO,0 days 00:01:30.244000,33.0,2.0,HARD,18.0,1,False
0 days 01:54:21.749000,OCO,0 days 00:01:30.033000,34.0,2.0,HARD,19.0,1,True
0 days 01:55:52.223000,OCO,0 days 00:01:30.474000,35.0,2.0,HARD,20.0,1,False
0 days 01:57:22.845000,OCO,0 days 00:01:30.622000,36.0,2.0,HARD,21.0,1,False
0 days 01:58:53.152000,OCO,0 days 00:01:30.307000,37.0,2.0,HARD,22.0,1,False
0 days 02:00:23.290000,OCO,0 days 00:01:30.138000,38.0,2.0,HARD,23.0,1,False
0 days 02:01:55.385000,OCO,0 days 00:01:32.095000,39.0,2.0,HARD,24.0,1,False
0 days 02:03:25.832000,OCO,0 days 00:01:30.447000,40.0,2.0,HARD,25.0,1,False
0 days 02:04:56.084000,OCO,0 days 00:01:30.252000,41.0,2.0,HARD,26.0,1,False
0 days 02:06:26.826000,OCO,0 days 00:01:30.742000,42.0,2.0,HARD,27.0,1,False
0 days 02:07:57.907000,OCO,0 days 00:01:31.081000,43.0,2.0,HARD,28.0,1,False
0 days 02:09:28.338000,OCO,0 days 00:01:30.431000,44.0,2.0,HARD,29.0,1,False
0 days 02:10:58.501000,OCO,0 days 00:01:30.163000,45.0,2.0,HARD,30.0,1,False
0 days 02:12:28.614000,OCO,0 days 00:01:30.113000,46.0,2.0,HARD,31.0,1,False
0 days 02:13:58.791000,OCO,0 days 00:01:30.177000,47.0,2.0,HARD,32.0,1,False
0 days 02:15:29.150000,OCO,0 days 00:01:30.359000,48.0,2.0,HARD,33.0,1,False
0 days 02:16:59.408000,OCO,0 days 00:01:30.258000,49.0,2.0,HARD,34.0,1,False
0 days 02:18:30.394000,OCO,0 days 00:01:30.986000,50.0,2.0,HARD,35.0,1,False
0 days 02:20:00.704000,OCO,0 days 00:01:30.310000,51.0,2.0,HARD,36.0,1,False
0 days 02:21:31.688000,OCO,0 days 00:01:30.984000,52.0,2.0,HARD,37.0,1,False
0 days 02:23:01.971000,OCO,0 days 00:01:30.283000,53.0,2.0,HARD,38.0,1,False
0 days 02:24:32.243000,OCO,0 days 00:01:30.272000,54.0,2.0,HARD,39.0,1,False
0 days 02:26:02.530000,OCO,0 days 00:01:30.287000,55.0,2.0,HARD,40.0,1,False
0 days 02:27:32.738000,OCO,0 days 00:01:30.208000,56.0,2.0,HARD,41.0,1,False
0 days 02:29:03.215000,OCO,0 days 00:01:30.477000,57.0,2.0,HARD,42.0,1,False
0 days 02:30:33.854000,OCO,0 days 00:01:30.639000,58.0,2.0,HARD,43.0,1,False
0 days 01:04:03.533000,STR,,1.0,1.0,HARD,2.0,1,False
0 days 01:05:35.496000,STR,0 days 00:01:31.963000,2.0,1.0,HARD,3.0,1,True
0 days 01:07:06.423000,STR,0 days 00:01:30.927000,3.0,1.0,HARD,4.0,1,True
0 days 01:08:37.440000,STR,0 days 00:01:31.017000,4.0,1.0,HARD,5.0,1,False
0 days 01:10:08.534000,STR,0 days 00:01:31.094000,5.0,1.0,HARD,6.0,1,False
0 days 01:11:39.329000,STR,0 days 00:01:30.795000,6.0,1.0,HARD,7.0,1,True
0 days 01:13:10.385000,STR,0 days 00:01:31.056000,7.0,1.0,HARD,8.0,1,False
0 days 01:14:41.373000,STR,0 days 00:01:30.988000,8.0,1.0,HARD,9.0,1,False
0 days 01:16:12.568000,STR,0 days 00:01:31.195000,9.0,1.0,HARD,10.0,1,False
0 days 01:17:43.642000,STR,0 days 00:01:31.074000,10.0,1.0,HARD,11.0,1,False
0 days 01:19:15.009000,STR,0 days 00:01:31.367000,11.0,1.0,HARD,12.0,1,False
0 days 01:20:46.564000,STR,0 days 00:01:31.555000,12.0,1.0,HARD,13.0,1,False
0 days 01:22:18.195000,STR,0 days 00:01:31.631000,13.0,1.0,HARD,14.0,1,False
0 days 01:23:49.888000,STR,0 days 00:01:31.693000,14.0,1.0,HARD,15.0,1,False
0 days 01:25:21.200000,STR,0 days 00:01:31.312000,15.0,1.0,HARD,16.0,1,False
0 days 01:26:52.493000,STR,0 days 00:01:31.293000,16.0,1.0,HARD,17.0,1,False
0 days 01:28:22.993000,STR,0 days 00:01:30.500000,17.0,1.0,HARD,18.0,1,True
0 days 01:29:54.004000,STR,0 days 00:01:31.011000,18.0,1.0,HARD,19.0,1,False
0 days 01:31:24.644000,STR,0 days 00:01:30.640000,19.0,1.0,HARD,20.0,1,False
0 days 01:32:55.299000,STR,0 days 00:01:30.655000,20.0,1.0,HARD,21.0,1,False
0 days 01:34:26.922000,STR,0 days 00:01:31.623000,21.0,1.0,HARD,22.0,1,False
0 days 01:35:59.837000,STR,0 days 00:01:32.915000,22.0,1.0,HARD,23.0,1,False
0 days 01:37:48.808000,STR,0 days 00:01:48.971000,23.0,2.0,HARD,2.0,1,False
0 days 01:39:19.161000,STR,0 days 00:01:30.353000,24.0,2.0,HARD,3.0,1,True
0 days 01:40:49.031000,STR,0 days 00:01:29.870000,25.0,2.0,HARD,4.0,1,True
0 days 01:42:17.891000,STR,0 days 00:01:28.860000,26.0,2.0,HARD,5.0,1,True
0 days 01:43:48.082000,STR,0 days 00:01:30.191000,27.0,2.0,HARD,6.0,1,False
0 days 01:45:18.394000,STR,0 days 00:01:30.312000,28.0,2.0,HARD,7.0,1,False
0 days 01:46:47.996000,STR,0 days 00:01:29.602000,29.0,2.0,HARD,8.0,1,False
0 days 01:48:17.732000,STR,0 days 00:01:29.736000,30.0,2.0,HARD,9.0,1,False
0 days 01:49:47.438000,STR,0 days 00:01:29.706000,31.0,2.0,HARD,10.0,1,False
0 days 01:51:17.269000,STR,0 days 00:01:29.831000,32.0,2.0,HARD,11.0,1,False
0 days 01:52:47.397000,STR,0 days 00:01:30.128000,33.0,2.0,HARD,12.0,1,False
0 days 01:54:17.318000,STR,0 days 00:01:29.921000,34.0,2.0,HARD,13.0,1,False
0 days 01:55:47.220000,STR,0 days 00:01:29.902000,35.0,2.0,HARD,14.0,1,False
0 days 01:57:17.706000,STR,0 days 00:01:30.486000,36.0,2.0,HARD,15.0,1,False
0 days 01:58:48.457000,STR,0 days 00:01:30.751000,37.0,2.0,HARD,16.0,1,False
0 days 02:00:18.860000,STR,0 days 00:01:30.403000,38.0,2.0,HARD,17.0,1,False
0 days 02:01:49.165000,STR,0 days 00:01:30.305000,39.0,2.0,HARD,18.0,1,False
0 days 02:03:19.264000,STR,0 days 00:01:30.099000,40.0,2.0,HARD,19.0,1,False
0 days 02:04:49.255000,STR,0 days 00:01:29.991000,41.0,2.0,HARD,20.0,1,False
0 days 02:06:20.895000,STR,0 days 00:01:31.640000,42.0,2.0,HARD,21.0,1,False
0 days 02:08:09.135000,STR,0 days 00:01:48.240000,43.0,3.0,MEDIUM,1.0,1,False
0 days 02:09:37.185000,STR,0 days 00:01:28.050000,44.0,3.0,MEDIUM,2.0,1,True
0 days 02:11:05.362000,STR,0 days 00:01:28.177000,45.0,3.0,MEDIUM,3.0,1,False
0 days 02:12:33.601000,STR,0 days 00:01:28.239000,46.0,3.0,MEDIUM,4.0,1,False
0 days 02:14:02.136000,STR,0 days 00:01:28.535000,47.0,3.0,MEDIUM,5.0,1,False
0 days 02:15:30.775000,STR,0 days 00:01:28.639000,48.0,3.0,MEDIUM,6.0,1,False
0 days 02:16:59.805000,STR,0 days 00:01:29.030000,49.0,3.0,MEDIUM,7.0,1,False
0 days 02:18:28.615000,STR,0 days 00:01:28.810000,50.0,3.0,MEDIUM,8.0,1,False
0 days 02:19:57.416000,STR,0 days 00:01:28.801000,51.0,3.0,MEDIUM,9.0,1,False
0 days 02:21:26.280000,STR,0 days 00:01:28.864000,52.0,3.0,MEDIUM,10.0,1,False
0 days 02:22:55.485000,STR,0 days 00:01:29.205000,53.0,3.0,MEDIUM,11.0,1,False
0 days 02:24:24.786000,STR,0 days 00:01:29.301000,54.0,3.0,MEDIUM,12.0,1,False
0 days 02:25:54.244000,STR,0 days 00:01:29.458000,55.0,3.0,MEDIUM,13.0,1,False
0 days 02:27:23.899000,STR,0 days 00:01:29.655000,56.0,3.0,MEDIUM,14.0,1,False
0 days 02:28:53.385000,STR,0 days 00:01:29.486000,57.0,3.0,MEDIUM,15.0,1,False
0 days 02:30:23.068000,STR,0 days 00:01:29.683000,58.0,3.0,MEDIUM,16.0,1,False
0 days 01:04:05.405000,ALB,,1.0,1.0,MEDIUM,2.0,1,False
0 days 01:05:38.965000,ALB,0 days 00:01:33.560000,2.0,1.0,MEDIUM,3.0,1,False
0 days 01:07:10.733000,ALB,0 days 00:01:31.768000,3.0,1.0,MEDIUM,4.0,1,True
0 days 01:08:42.324000,ALB,0 days 00:01:31.591000,4.0,1.0,MEDIUM,5.0,1,True
0 days 01:10:13.746000,ALB,0 days 00:01:31.422000,5.0,1.0,MEDIUM,6.0,1,True
0 days 01:11:45.237000,ALB,0 days 00:01:31.491000,6.0,1.0,MEDIUM,7.0,1,False
0 days 01:13:16.675000,ALB,0 days 00:01:31.438000,7.0,1.0,MEDIUM,8.0,1,False
0 days 01:14:48.255000,ALB,0 days 00:01:31.580000,8.0,1.0,MEDIUM,9.0,1,False
0 days 01:16:19.899000,ALB,0 days 00:01:31.644000,9.0,1.0,MEDIUM,10.0,1,False
0 days 01:17:51.877000,ALB,0 days 00:01:31.978000,10.0,1.0,MEDIUM,11.0,1,False
0 days 01:19:23.839000,ALB,0 days 00:01:31.962000,11.0,1.0,MEDIUM,12.0,1,False
0 days 01:20:55.797000,ALB,0 days 00:01:31.958000,12.0,1.0,MEDIUM,13.0,1,False
0 days 01:22:27.497000,ALB,0 days 00:01:31.700000,13.0,1.0,MEDIUM,14.0,1,False
0 days 01:23:59.152000,ALB,0 days 00:01:31.655000,14.0,1.0,MEDIUM,15.0,1,False
0 days 01:25:30.881000,ALB,0 days 00:01:31.729000,15.0,1.0,MEDIUM,16.0,1,False
0 days 01:27:05.163000,ALB,0 days 00:01:34.282000,16.0,1.0,MEDIUM,17.0,1,False
0 days 01:28:57.064000,ALB,0 days 00:01:51.901000,17.0,2.0,HARD,1.0,1,False
0 days 01:30:27.527000,ALB,0 days 00:01:30.463000,18.0,2.0,HARD,2.0,1,True
0 days 01:31:58.100000,ALB,0 days 00:01:30.573000,19.0,2.0,HARD,3.0,1,False
0 days 01:33:28.492000,ALB,0 days 00:01:30.392000,20.0,2.0,HARD,4.0,1,True
0 days 01:34:59.032000,ALB,0 days 00:01:30.540000,21.0,2.0,HARD,5.0,1,False
0 days 01:36:29.738000,ALB,0 days 00:01:30.706000,22.0,2.0,HARD,6.0,1,False
0 days 01:38:00.010000,ALB,0 days 00:01:30.272000,23.0,2.0,HARD,7.0,1,True
0 days 01:39:30.521000,ALB,0 days 00:01:30.511000,24.0,2.0,HARD,8.0,1,False
0 days 01:41:01.176000,ALB,0 days 00:01:30.655000,25.0,2.0,HARD,9.0,1,False
0 days 01:42:31.268000,ALB,0 days 00:01:30.092000,26.0,2.0,HARD,10.0,1,True
0 days 01:44:01.996000,ALB,0 days 00:01:30.728000,27.0,2.0,HARD,11.0,1,False
0 days 01:45:32.627000,ALB,0 days 00:01:30.631000,28.0,2.0,HARD,12.0,1,False
0 days 01:47:03.215000,ALB,0 days 00:01:30.588000,29.0,2.0,HARD,13.0,1,False
0 days 01:48:33.806000,ALB,0 days 00:01:30.591000,30.0,2.0,HARD,14.0,1,False
0 days 01:50:04.361000,ALB,0 days 00:01:30.555000,31.0,2.0,HARD,15.0,1,False
0 days 01:51:34.711000,ALB,0 days 00:01:30.350000,32.0,2.0,HARD,16.0,1,False
0 days 01:53:05.158000,ALB,0 days 00:01:30.447000,33.0,2.0,HARD,17.0,1,False
0 days 01:54:35.184000,ALB,0 days 00:01:30.026000,34.0,2.0,HARD,18.0,1,True
0 days 01:56:05.171000,ALB,0 days 00:01:29.987000,35.0,2.0,HARD,19.0,1,True
0 days 01:57:35.512000,ALB,0 days 00:01:30.341000,36.0,2.0,HARD,20.0,1,False
0 days 01:59:05.925000,ALB,0 days 00:01:30.413000,37.0,2.0,HARD,21.0,1,False
0 days 02:00:36.163000,ALB,0 days 00:01:30.238000,38.0,2.0,HARD,22.0,1,False
0 days 02:02:06.660000,ALB,0 days 00:01:30.497000,39.0,2.0,HARD,23.0,1,False
0 days 02:03:36.991000,ALB,0 days 00:01:30.331000,40.0,2.0,HARD,24.0,1,False
0 days 02:05:07.301000,ALB,0 days 00:01:30.310000,41.0,2.0,HARD,25.0,1,False
0 days 02:06:37.656000,ALB,0 days 00:01:30.355000,42.0,2.0,HARD,26.0,1,False
0 days 02:08:09.831000,ALB,0 days 00:01:32.175000,43.0,2.0,HARD,27.0,1,False
0 days 02:09:59.216000,ALB,0 days 00:01:49.385000,44.0,3.0,HARD,1.0,1,False
0 days 02:11:27.061000,ALB,0 days 00:01:27.845000,45.0,3.0,HARD,2.0,1,True
0 days 02:12:55.755000,ALB,0 days 00:01:28.694000,46.0,3.0,HARD,3.0,1,False
0 days 02:14:24.495000,ALB,0 days 00:01:28.740000,47.0,3.0,HARD,4.0,1,False
0 days 02:15:53.415000,ALB,0 days 00:01:28.920000,48.0,3.0,HARD,5.0,1,False
0 days 02:17:22.176000,ALB,0 days 00:01:28.761000,49.0,3.0,HARD,6.0,1,False
0 days 02:18:51.187000,ALB,0 days 00:01:29.011000,50.0,3.0,HARD,7.0,1,False
0 days 02:20:19.862000,ALB,0 days 00:01:28.675000,51.0,3.0,HARD,8.0,1,False
0 days 02:21:48.264000,ALB,0 days 00:01:28.402000,52.0,3.0,HARD,9.0,1,False
0 days 02:23:16.872000,ALB,0 days 00:01:28.608000,53.0,3.0,HARD,10.0,1,False
0 days 02:24:45.684000,ALB,0 days 00:01:28.812000,54.0,3.0,HARD,11.0,1,False
0 days 02:26:14.426000,ALB,0 days 00:01:28.742000,55.0,3.0,HARD,12.0,1,False
0 days 02:27:43.169000,ALB,0 days 00:01:28.743000,56.0,3.0,HARD,13.0,1,False
0 days 02:29:11.918000,ALB,0 days 00:01:28.749000,57.0,3.0,HARD,14.0,1,False
0 days 02:30:40.588000,ALB,0 days 00:01:28.670000,58.0,3.0,HARD,15.0,1,False
0 days 01:04:04.805000,RIC,,1.0,1.0,MEDIUM,1.0,1,False
0 days 01:05:37.547000,RIC,0 days 00:01:32.742000,2.0,1.0,MEDIUM,2.0,1,True
0 days 01:07:09.066000,RIC,0 days 00:01:31.519000,3.0,1.0,MEDIUM,3.0,1,True
0 days 01:08:40.350000,RIC,0 days 00:01:31.284000,4.0,1.0,MEDIUM,4.0,1,True
0 days 01:10:11.676000,RIC,0 days 00:01:31.326000,5.0,1.0,MEDIUM,5.0,1,False
0 days 01:11:42.740000,RIC,0 days 00:01:31.064000,6.0,1.0,MEDIUM,6.0,1,True
0 days 01:13:15.812000,RIC,0 days 00:01:33.072000,7.0,1.0,MEDIUM,7.0,1,False
0 days 01:15:06.070000,RIC,0 days 00:01:50.258000,8.0,2.0,HARD,1.0,1,False
0 days 01:16:35.885000,RIC,0 days 00:01:29.815000,9.0,2.0,HARD,2.0,1,True
0 days 01:18:06.123000,RIC,0 days 00:01:30.238000,10.0,2.0,HARD,3.0,1,False
0 days 01:19:36.553000,RIC,0 days 00:01:30.430000,11.0,2.0,HARD,4.0,1,False
0 days 01:21:06.631000,RIC,0 days 00:01:30.078000,12.0,2.0,HARD,5.0,1,False
0 days 01:22:36.902000,RIC,0 days 00:01:30.271000,13.0,2.0,HARD,6.0,1,False
0 days 01:24:07.326000,RIC,0 days 00:01:30.424000,14.0,2.0,HARD,7.0,1,False
0 days 01:25:37.801000,RIC,0 days 00:01:30.475000,15.0,2.0,HARD,8.0,1,False
0 days 01:27:08.283000,RIC,0 days 00:01:30.482000,16.0,2.0,HARD,9.0,1,False
0 days 01:28:38.674000,RIC,0 days 00:01:30.391000,17.0,2.0,HARD,10.0,1,False
0 days 01:30:09.371000,RIC,0 days 00:01:30.697000,18.0,2.0,HARD,11.0,1,False
0 days 01:31:39.789000,RIC,0 days 00:01:30.418000,19.0,2.0,HARD,12.0,1,False
0 days 01:33:10.874000,RIC,0 days 00:01:31.085000,20.0,2.0,HARD,13.0,1,False
0 days 01:34:41.560000,RIC,0 days 00:01:30.686000,21.0,2.0,HARD,14.0,1,False
0 days 01:36:12.443000,RIC,0 days 00:01:30.883000,22.0,2.0,HARD,15.0,1,False
0 days 01:37:42.919000,RIC,0 days 00:01:30.476000,23.0,2.0,HARD,16.0,1,False
0 days 01:39:13.214000,RIC,0 days 00:01:30.295000,24.0,2.0,HARD,17.0,1,False
0 days 01:40:44.346000,RIC,0 days 00:01:31.132000,25.0,2.0,HARD,18.0,1,False
0 days 01:42:16.295000,RIC,0 days 00:01:31.949000,26.0,2.0,HARD,19.0,1,False
0 days 01:43:47.032000,RIC,0 days 00:01:30.737000,27.0,2.0,HARD,20.0,1,False
0 days 01:45:17.729000,RIC,0 days 00:01:30.697000,28.0,2.0,HARD,21.0,1,False
0 days 01:46:49.036000,RIC,0 days 00:01:31.307000,29.0,2.0,HARD,22.0,1,False
0 days 01:48:19.714000,RIC,0 days 00:01:30.678000,30.0,2.0,HARD,23.0,1,False
0 days 01:49:52.198000,RIC,0 days 00:01:32.484000,31.0,2.0,HARD,24.0,1,False
0 days 01:51:42.256000,RIC,0 days 00:01:50.058000,32.0,3.0,HARD,1.0,1,False
0 days 01:53:11.605000,RIC,0 days 00:01:29.349000,33.0,3.0,HARD,2.0,1,True
0 days 01:54:41.189000,RIC,0 days 00:01:29.584000,34.0,3.0,HARD,3.0,1,False
0 days 01:56:11.003000,RIC,0 days 00:01:29.814000,35.0,3.0,HARD,4.0,1,False
0 days 01:57:41.534000,RIC,0 days 00:01:30.531000,36.0,3.0,HARD,5.0,1,False
0 days 01:59:13.502000,RIC,0 days 00:01:31.968000,37.0,3.0,HARD,6.0,1,False
0 days 02:00:44.510000,RIC,0 days 00:01:31.008000,38.0,3.0,HARD,7.0,1,False
0 days 02:02:14.578000,RIC,0 days 00:01:30.068000,39.0,3.0,HARD,8.0,1,False
0 days 02:03:43.419000,RIC,0 days 00:01:28.841000,40.0,3.0,HARD,9.0,1,True
0 days 02:05:12.257000,RIC,0 days 00:01:28.838000,41.0,3.0,HARD,10.0,1,True
0 days 02:06:40.838000,RIC,0 days 00:01:28.581000,42.0,3.0,HARD,11.0,1,True
0 days 02:08:10.893000,RIC,0 days 00:01:30.055000,43.0,3.0,HARD,12.0,1,False
0 days 02:09:39.711000,RIC,0 days 00:01:28.818000,44.0,3.0,HARD,13.0,1,False
0 days 02:11:08.416000,RIC,0 days 00:01:28.705000,45.0,3.0,HARD,14.0,1,False
0 days 02:12:37.124000,RIC,0 days 00:01:28.708000,46.0,3.0,HARD,15.0,1,False
0 days 02:14:05.695000,RIC,0 days 00:01:28.571000,47.0,3.0,HARD,16.0,1,True
0 days 02:15:34.397000,RIC,0 days 00:01:28.702000,48.0,3.0,HARD,17.0,1,False
0 days 02:17:03.188000,RIC,0 days 00:01:28.791000,49.0,3.0,HARD,18.0,1,False
0 days 02:18:32.253000,RIC,0 days 00:01:29.065000,50.0,3.0,HARD,19.0,1,False
0 days 02:20:01.585000,RIC,0 days 00:01:29.332000,51.0,3.0,HARD,20.0,1,False
0 days 02:21:30.328000,RIC,0 days 00:01:28.743000,52.0,3.0,HARD,21.0,1,False
0 days 02:22:59.070000,RIC,0 days 00:01:28.742000,53.0,3.0,HARD,22.0,1,False
0 days 02:24:27.830000,RIC,0 days 00:01:28.760000,54.0,3.0,HARD,23.0,1,False
0 days 02:25:56.701000,RIC,0 days 00:01:28.871000,55.0,3.0,HARD,24.0,1,False
0 days 02:27:25.630000,RIC,0 days 00:01:28.929000,56.0,3.0,HARD,25.0,1,False
0 days 02:28:54.690000,RIC,0 days 00:01:29.060000,57.0,3.0,HARD,26.0,1,False
0 days 02:30:23.710000,RIC,0 days 00:01:29.020000,58.0,3.0,HARD,27.0,1,False
0 days 01:04:04.531000,SAI,,1.0,1.0,HARD,1.0,1,False
0 days 01:05:36.511000,SAI,0 days 00:01:31.980000,2.0,1.0,HARD,2.0,1,True
0 days 01:07:07.819000,SAI,0 days 00:01:31.308000,3.0,1.0,HARD,3.0,1,True
0 days 01:08:38.918000,SAI,0 days 00:01:31.099000,4.0,1.0,HARD,4.0,1,True
0 days 01:10:10.076000,SAI,0 days 00:01:31.158000,5.0,1.0,HARD,5.0,1,False
0 days 01:11:41.251000,SAI,0 days 00:01:31.175000,6.0,1.0,HARD,6.0,1,False
0 days 01:13:12.552000,SAI,0 days 00:01:31.301000,7.0,1.0,HARD,7.0,1,False
0 days 01:14:43.815000,SAI,0 days 00:01:31.263000,8.0,1.0,HARD,8.0,1,False
0 days 01:16:14.780000,SAI,0 days 00:01:30.965000,9.0,1.0,HARD,9.0,1,True
0 days 01:17:46.085000,SAI,0 days 00:01:31.305000,10.0,1.0,HARD,10.0,1,False
0 days 01:19:17.170000,SAI,0 days 00:01:31.085000,11.0,1.0,HARD,11.0,1,False
0 days 01:20:48.448000,SAI,0 days 00:01:31.278000,12.0,1.0,HARD,12.0,1,False
0 days 01:22:19.833000,SAI,0 days 00:01:31.385000,13.0,1.0,HARD,13.0,1,False
0 days 01:23:51.249000,SAI,0 days 00:01:31.416000,14.0,1.0,HARD,14.0,1,False
0 days 01:25:22.868000,SAI,0 days 00:01:31.619000,15.0,1.0,HARD,15.0,1,False
0 days 01:26:54.065000,SAI,0 days 00:01:31.197000,16.0,1.0,HARD,16.0,1,False
0 days 01:28:25.686000,SAI,0 days 00:01:31.621000,17.0,1.0,HARD,17.0,1,False
0 days 01:29:56.646000,SAI,0 days 00:01:30.960000,18.0,1.0,HARD,18.0,1,True
0 days 01:31:28.197000,SAI,0 days 00:01:31.551000,19.0,1.0,HARD,19.0,1,False
0 days 01:32:59.130000,SAI,0 days 00:01:30.933000,20.0,1.0,HARD,20.0,1,True
0 days 01:34:31.314000,SAI,0 days 00:01:32.184000,21.0,1.0,HARD,21.0,1,False
0 days 01:36:03.385000,SAI,0 days 00:01:32.071000,22.0,1.0,HARD,22.0,1,False
0 days 01:37:36.972000,SAI,0 days 00:01:33.587000,23.0,1.0,HARD,23.0,1,False
0 days 01:39:26.229000,SAI,0 days 00:01:49.257000,24.0,2.0,HARD,1.0,1,False
0 days 01:40:56.417000,SAI,0 days 00:01:30.188000,25.0,2.0,HARD,2.0,1,True
0 days 01:42:26.424000,SAI,0 days 00:01:30.007000,26.0,2.0,HARD,3.0,1,True
0 days 01:43:56.265000,SAI,0 days 00:01:29.841000,27.0,2.0,HARD,4.0,1,True
0 days 01:45:26.242000,SAI,0 days 00:01:29.977000,28.0,2.0,HARD,5.0,1,False
0 days 01:46:55.882000,SAI,0 days 00:01:29.640000,29.0,2.0,HARD,6.0,1,True
0 days 01:48:25.582000,SAI,0 days 00:01:29.700000,30.0,2.0,HARD,7.0,1,False
0 days 01:49:55.346000,SAI,0 days 00:01:29.764000,31.0,2.0,HARD,8.0,1,False
0 days 01:51:25.243000,SAI,0 days 00:01:29.897000,32.0,2.0,HARD,9.0,1,False
0 days 01:52:55.003000,SAI,0 days 00:01:29.760000,33.0,2.0,HARD,10.0,1,False
0 days 01:54:24.677000,SAI,0 days 00:01:29.674000,34.0,2.0,HARD,11.0,1,False
0 days 01:55:54.171000,SAI,0 days 00:01:29.494000,35.0,2.0,HARD,12.0,1,True
0 days 01:57:24.399000,SAI,0 days 00:01:30.228000,36.0,2.0,HARD,13.0,1,False
0 days 01:58:54.206000,SAI,0 days 00:01:29.807000,37.0,2.0,HARD,14.0,1,False
0 days 02:00:23.952000,SAI,0 days 00:01:29.746000,38.0,2.0,HARD,15.0,1,False
0 days 02:01:54.533000,SAI,0 days 00:01:30.581000,39.0,2.0,HARD,16.0,1,False
0 days 02:03:24.168000,SAI,0 days 00:01:29.635000,40.0,2.0,HARD,17.0,1,False
0 days 02:04:53.663000,SAI,0 days 00:01:29.495000,41.0,2.0,HARD,18.0,1,False
0 days 02:06:23.115000,SAI,0 days 00:01:29.452000,42.0,2.0,HARD,19.0,1,True
0 days 02:07:52.727000,SAI,0 days 00:01:29.612000,43.0,2.0,HARD,20.0,1,False
0 days 02:09:22.536000,SAI,0 days 00:01:29.809000,44.0,2.0,HARD,21.0,1,False
0 days 02:10:52.668000,SAI,0 days 00:01:30.132000,45.0,2.0,HARD,22.0,1,False
0 days 02:12:23.380000,SAI,0 days 00:01:30.712000,46.0,2.0,HARD,23.0,1,False
0 days 02:13:54.482000,SAI,0 days 00:01:31.102000,47.0,2.0,HARD,24.0,1,False
0 days 02:15:25.047000,SAI,0 days 00:01:30.565000,48.0,2.0,HARD,25.0,1,False
0 days 02:16:55.080000,SAI,0 days 00:01:30.033000,49.0,2.0,HARD,26.0,1,False
0 days 02:18:24.953000,SAI,0 days 00:01:29.873000,50.0,2.0,HARD,27.0,1,False
0 days 02:19:54.671000,SAI,0 days 00:01:29.718000,51.0,2.0,HARD,28.0,1,False
0 days 02:21:24.316000,SAI,0 days 00:01:29.645000,52.0,2.0,HARD,29.0,1,False
0 days 02:22:54.091000,SAI,0 days 00:01:29.775000,53.0,2.0,HARD,30.0,1,False
0 days 02:24:23.825000,SAI,0 days 00:01:29.734000,54.0,2.0,HARD,31.0,1,False
0 days 02:25:53.479000,SAI,0 days 00:01:29.654000,55.0,2.0,HARD,32.0,1,False
0 days 02:27:24.933000,SAI,0 days 00:01:31.454000,56.0,2.0,HARD,33.0,1,False
0 days 02:29:15.780000,SAI,0 days 00:01:50.847000,57.0,3.0,SOFT,1.0,1,False
0 days 01:04:06.454000,MAG,,1.0,1.0,MEDIUM,1.0,1,False
0 days 01:05:39.521000,MAG,0 days 00:01:33.067000,2.0,1.0,MEDIUM,2.0,1,True
0 days 01:07:11.232000,MAG,0 days 00:01:31.711000,3.0,1.0,MEDIUM,3.0,1,True
0 days 01:08:42.825000,MAG,0 days 00:01:31.593000,4.0,1.0,MEDIUM,4.0,1,True
0 days 01:10:16.706000,MAG,0 days 00:01:33.881000,5.0,1.0,MEDIUM,5.0,1,False
0 days 01:12:07.648000,MAG,0 days 00:01:50.942000,6.0,2.0,HARD,1.0,1,False
0 days 01:13:38.093000,MAG,0 days 00:01:30.445000,7.0,2.0,HARD,2.0,1,True
0 days 01:15:08.405000,MAG,0 days 00:01:30.312000,8.0,2.0,HARD,3.0,1,True
0 days 01:16:38.730000,MAG,0 days 00:01:30.325000,9.0,2.0,HARD,4.0,1,False
0 days 01:18:09.544000,MAG,0 days 00:01:30.814000,10.0,2.0,HARD,5.0,1,False
0 days 01:19:40.595000,MAG,0 days 00:01:31.051000,11.0,2.0,HARD,6.0,1,False
0 days 01:21:11.386000,MAG,0 days 00:01:30.791000,12.0,2.0,HARD,7.0,1,False
0 days 01:22:42.342000,MAG,0 days 00:01:30.956000,13.0,2.0,HARD,8.0,1,False
0 days 01:24:13.416000,MAG,0 days 00:01:31.074000,14.0,2.0,HARD,9.0,1,False
0 days 01:25:44.657000,MAG,0 days 00:01:31.241000,15.0,2.0,HARD,10.0,1,False
0 days 01:27:16.567000,MAG,0 days 00:01:31.910000,16.0,2.0,HARD,11.0,1,False
0 days 01:28:49.021000,MAG,0 days 00:01:32.454000,17.0,2.0,HARD,12.0,1,False
0 days 01:30:21.129000,MAG,0 days 00:01:32.108000,18.0,2.0,HARD,13.0,1,False
0 days 01:31:53.289000,MAG,0 days 00:01:32.160000,19.0,2.0,HARD,14.0,1,False
0 days 01:33:24.810000,MAG,0 days 00:01:31.521000,20.0,2.0,HARD,15.0,1,False
0 days 01:34:56.760000,MAG,0 days 00:01:31.950000,21.0,2.0,HARD,16.0,1,False
0 days 01:36:31.097000,MAG,0 days 00:01:34.337000,22.0,2.0,HARD,17.0,1,False
0 days 01:38:22.519000,MAG,0 days 00:01:51.422000,23.0,3.0,HARD,1.0,1,False
0 days 01:39:53.967000,MAG,0 days 00:01:31.448000,24.0,3.0,HARD,2.0,1,False
0 days 01:41:24.559000,MAG,0 days 00:01:30.592000,25.0,3.0,HARD,3.0,1,False
0 days 01:42:55.158000,MAG,0 days 00:01:30.599000,26.0,3.0,HARD,4.0,1,False
0 days 01:44:25.849000,MAG,0 days 00:01:30.691000,27.0,3.0,HARD,5.0,1,False
0 days 01:45:56.558000,MAG,0 days 00:01:30.709000,28.0,3.0,HARD,6.0,1,False
0 days 01:47:27.186000,MAG,0 days 00:01:30.628000,29.0,3.0,HARD,7.0,1,False
0 days 01:48:57.302000,MAG,0 days 00:01:30.116000,30.0,3.0,HARD,8.0,1,True
0 days 01:50:27.933000,MAG,0 days 00:01:30.631000,31.0,3.0,HARD,9.0,1,False
0 days 01:51:58.617000,MAG,0 days 00:01:30.684000,32.0,3.0,HARD,10.0,1,False
0 days 01:53:29.054000,MAG,0 days 00:01:30.437000,33.0,3.0,HARD,11.0,1,False
0 days 01:54:59.506000,MAG,0 days 00:01:30.452000,34.0,3.0,HARD,12.0,1,False
0 days 01:56:29.919000,MAG,0 days 00:01:30.413000,35.0,3.0,HARD,13.0,1,False
0 days 01:58:00.593000,MAG,0 days 00:01:30.674000,36.0,3.0,HARD,14.0,1,False
0 days 01:59:30.938000,MAG,0 days 00:01:30.345000,37.0,3.0,HARD,15.0,1,False
0 days 02:01:01.314000,MAG,0 days 00:01:30.376000,38.0,3.0,HARD,16.0,1,False
0 days 02:02:31.739000,MAG,0 days 00:01:30.425000,39.0,3.0,HARD,17.0,1,False
0 days 02:04:03.176000,MAG,0 days 00:01:31.437000,40.0,3.0,HARD,18.0,1,False
0 days 02:05:33.656000,MAG,0 days 00:01:30.480000,41.0,3.0,HARD,19.0,1,False
0 days 02:07:04.012000,MAG,0 days 00:01:30.356000,42.0,3.0,HARD,20.0,1,False
0 days 02:08:34.069000,MAG,0 days 00:01:30.057000,43.0,3.0,HARD,21.0,1,True
0 days 02:10:04.153000,MAG,0 days 00:01:30.084000,44.0,3.0,HARD,22.0,1,False
0 days 02:11:34.263000,MAG,0 days 00:01:30.110000,45.0,3.0,HARD,23.0,1,False
0 days 02:13:04.197000,MAG,0 days 00:01:29.934000,46.0,3.0,HARD,24.0,1,True
0 days 02:14:36.120000,MAG,0 days 00:01:31.923000,47.0,3.0,HARD,25.0,1,False
0 days 02:16:06.777000,MAG,0 days 00:01:30.657000,48.0,3.0,HARD,26.0,1,False
0 days 02:17:37.330000,MAG,0 days 00:01:30.553000,49.0,3.0,HARD,27.0,1,False
0 days 02:19:07.839000,MAG,0 days 00:01:30.509000,50.0,3.0,HARD,28.0,1,False
0 days 02:20:38.271000,MAG,0 days 00:01:30.432000,51.0,3.0,HARD,29.0,1,False
0 days 02:22:09.768000,MAG,0 days 00:01:31.497000,52.0,3.0,HARD,30.0,1,False
0 days 02:23:40.213000,MAG,0 days 00:01:30.445000,53.0,3.0,HARD,31.0,1,False
0 days 02:25:10.420000,MAG,0 days 00:01:30.207000,54.0,3.0,HARD,32.0,1,False
0 days 02:26:40.672000,MAG,0 days 00:01:30.252000,55.0,3.0,HARD,33.0,1,False
0 days 02:28:11.101000,MAG,0 days 00:01:30.429000,56.0,3.0,HARD,34.0,1,False
0 days 02:29:42.357000,MAG,0 days 00:01:31.256000,57.0,3.0,HARD,35.0,1,False
0 days 01:04:05.157000,BOT,,1.0,1.0,HARD,1.0,1,False
0 days 01:05:37.927000,BOT,0 days 00:01:32.770000,2.0,1.0,HARD,2.0,1,True
0 days 01:07:09.625000,BOT,0 days 00:01:31.698000,3.0,1.0,HARD,3.0,1,True
0 days 01:08:40.906000,BOT,0 days 00:01:31.281000,4.0,1.0,HARD,4.0,1,True
0 days 01:10:12.351000,BOT,0 days 00:01:31.445000,5.0,1.0,HARD,5.0,1,False
0 days 01:11:43.473000,BOT,0 days 00:01:31.122000,6.0,1.0,HARD,6.0,1,True
0 days 01:13:14.662000,BOT,0 days 00:01:31.189000,7.0,1.0,HARD,7.0,1,False
0 days 01:14:45.868000,BOT,0 days 00:01:31.206000,8.0,1.0,HARD,8.0,1,False
0 days 01:16:17.584000,BOT,0 days 00:01:31.716000,9.0,1.0,HARD,9.0,1,False
0 days 01:17:49.297000,BOT,0 days 00:01:31.713000,10.0,1.0,HARD,10.0,1,False
0 days 01:19:20.913000,BOT,0 days 00:01:31.616000,11.0,1.0,HARD,11.0,1,False
0 days 01:20:52.693000,BOT,0 days 00:01:31.780000,12.0,1.0,HARD,12.0,1,False
0 days 01:22:24.580000,BOT,0 days 00:01:31.887000,13.0,1.0,HARD,13.0,1,False
0 days 01:23:56.289000,BOT,0 days 00:01:31.709000,14.0,1.0,HARD,14.0,1,False
0 days 01:25:27.725000,BOT,0 days 00:01:31.436000,15.0,1.0,HARD,15.0,1,False
0 days 01:26:59.200000,BOT,0 days 00:01:31.475000,16.0,1.0,HARD,16.0,1,False
0 days 01:28:30.761000,BOT,0 days 00:01:31.561000,17.0,1.0,HARD,17.0,1,False
0 days 01:30:02.997000,BOT,0 days 00:01:32.236000,18.0,1.0,HARD,18.0,1,False
0 days 01:31:35.306000,BOT,0 days 00:01:32.309000,19.0,1.0,HARD,19.0,1,False
0 days 01:33:08.101000,BOT,0 days 00:01:32.795000,20.0,1.0,HARD,20.0,1,False
0 days 01:34:40.563000,BOT,0 days 00:01:32.462000,21.0,1.0,HARD,21.0,1,False
0 days 01:36:13.485000,BOT,0 days 00:01:32.922000,22.0,1.0,HARD,22.0,1,False
0 days 01:37:46.419000,BOT,0 days 00:01:32.934000,23.0,1.0,HARD,23.0,1,False
0 days 01:39:18.779000,BOT,0 days 00:01:32.360000,24.0,1.0,HARD,24.0,1,False
0 days 01:40:50.918000,BOT,0 days 00:01:32.139000,25.0,1.0,HARD,25.0,1,False
0 days 01:42:23.739000,BOT,0 days 00:01:32.821000,26.0,1.0,HARD,26.0,1,False
0 days 01:43:55.556000,BOT,0 days 00:01:31.817000,27.0,1.0,HARD,27.0,1,False
0 days 01:45:27.980000,BOT,0 days 00:01:32.424000,28.0,1.0,HARD,28.0,1,False
0 days 01:47:02.074000,BOT,0 days 00:01:34.094000,29.0,1.0,HARD,29.0,1,False
0 days 01:48:55.160000,BOT,0 days 00:01:53.086000,30.0,2.0,MEDIUM,1.0,1,False
0 days 01:50:26.468000,BOT,0 days 00:01:31.308000,31.0,2.0,MEDIUM,2.0,1,False
0 days 01:51:56.713000,BOT,0 days 00:01:30.245000,32.0,2.0,MEDIUM,3.0,1,True
0 days 01:53:27.336000,BOT,0 days 00:01:30.623000,33.0,2.0,MEDIUM,4.0,1,False
0 days 01:54:57.809000,BOT,0 days 00:01:30.473000,34.0,2.0,MEDIUM,5.0,1,False
0 days 01:56:28.210000,BOT,0 days 00:01:30.401000,35.0,2.0,MEDIUM,6.0,1,False
0 days 01:57:58.417000,BOT,0 days 00:01:30.207000,36.0,2.0,MEDIUM,7.0,1,True
0 days 01:59:28.663000,BOT,0 days 00:01:30.246000,37.0,2.0,MEDIUM,8.0,1,False
0 days 02:00:58.679000,BOT,0 days 00:01:30.016000,38.0,2.0,MEDIUM,9.0,1,True
0 days 02:02:28.680000,BOT,0 days 00:01:30.001000,39.0,2.0,MEDIUM,10.0,1,True
0 days 02:03:59.025000,BOT,0 days 00:01:30.345000,40.0,2.0,MEDIUM,11.0,1,False
0 days 02:05:29.186000,BOT,0 days 00:01:30.161000,41.0,2.0,MEDIUM,12.0,1,False
0 days 02:06:59.049000,BOT,0 days 00:01:29.863000,42.0,2.0,MEDIUM,13.0,1,True
0 days 02:08:30.467000,BOT,0 days 00:01:31.418000,43.0,2.0,MEDIUM,14.0,1,False
0 days 02:10:00.466000,BOT,0 days 00:01:29.999000,44.0,2.0,MEDIUM,15.0,1,False
0 days 02:11:30.961000,BOT,0 days 00:01:30.495000,45.0,2.0,MEDIUM,16.0,1,False
0 days 02:13:00.959000,BOT,0 days 00:01:29.998000,46.0,2.0,MEDIUM,17.0,1,False
0 days 02:14:31.407000,BOT,0 days 00:01:30.448000,47.0,2.0,MEDIUM,18.0,1,False
0 days 02:16:01.899000,BOT,0 days 00:01:30.492000,48.0,2.0,MEDIUM,19.0,1,False
0 days 02:17:32.587000,BOT,0 days 00:01:30.688000,49.0,2.0,MEDIUM,20.0,1,False
0 days 02:19:04.173000,BOT,0 days 00:01:31.586000,50.0,2.0,MEDIUM,21.0,1,False
0 days 02:20:35.190000,BOT,0 days 00:01:31.017000,51.0,2.0,MEDIUM,22.0,1,False
0 days 02:22:06.114000,BOT,0 days 00:01:30.924000,52.0,2.0,MEDIUM,23.0,1,False
0 days 02:23:37.827000,BOT,0 days 00:01:31.713000,53.0,2.0,MEDIUM,24.0,1,False
0 days 02:25:08.682000,BOT,0 days 00:01:30.855000,54.0,2.0,MEDIUM,25.0,1,False
0 days 02:26:39.212000,BOT,0 days 00:01:30.530000,55.0,2.0,MEDIUM,26.0,1,False
0 days 02:28:09.342000,BOT,0 days 00:01:30.130000,56.0,2.0,MEDIUM,27.0,1,False
0 days 02:29:39.892000,BOT,0 days 00:01:30.550000,57.0,2.0,MEDIUM,28.0,1,False
0 days 01:04:05.761000,ZHO,,1.0,1.0,MEDIUM,1.0,1,False
0 days 01:05:38.294000,ZHO,0 days 00:01:32.533000,2.0,1.0,MEDIUM,2.0,1,True
0 days 01:07:10.111000,ZHO,0 days 00:01:31.817000,3.0,1.0,MEDIUM,3.0,1,True
0 days 01:08:41.414000,ZHO,0 days 00:01:31.303000,4.0,1.0,MEDIUM,4.0,1,True
0 days 01:10:12.854000,ZHO,0 days 00:01:31.440000,5.0,1.0,MEDIUM,5.0,1,False
0 days 01:11:44.185000,ZHO,0 days 00:01:31.331000,6.0,1.0,MEDIUM,6.0,1,False
0 days 01:13:15.412000,ZHO,0 days 00:01:31.227000,7.0,1.0,MEDIUM,7.0,1,True
0 days 01:14:46.730000,ZHO,0 days 00:01:31.318000,8.0,1.0,MEDIUM,8.0,1,False
0 days 01:16:18.392000,ZHO,0 days 00:01:31.662000,9.0,1.0,MEDIUM,9.0,1,False
0 days 01:17:50.328000,ZHO,0 days 00:01:31.936000,10.0,1.0,MEDIUM,10.0,1,False
0 days 01:19:22.173000,ZHO,0 days 00:01:31.845000,11.0,1.0,MEDIUM,11.0,1,False
0 days 01:20:54.471000,ZHO,0 days 00:01:32.298000,12.0,1.0,MEDIUM,12.0,1,False
0 days 01:22:28.370000,ZHO,0 days 00:01:33.899000,13.0,1.0,MEDIUM,13.0,1,False
0 days 01:24:20.772000,ZHO,0 days 00:01:52.402000,14.0,2.0,HARD,1.0,1,False
0 days 01:25:51.534000,ZHO,0 days 00:01:30.762000,15.0,2.0,HARD,2.0,1,True
0 days 01:27:22.376000,ZHO,0 days 00:01:30.842000,16.0,2.0,HARD,3.0,1,False
0 days 01:28:53.268000,ZHO,0 days 00:01:30.892000,17.0,2.0,HARD,4.0,1,False
0 days 01:30:24.241000,ZHO,0 days 00:01:30.973000,18.0,2.0,HARD,5.0,1,False
0 days 01:31:55.324000,ZHO,0 days 00:01:31.083000,19.0,2.0,HARD,6.0,1,False
0 days 01:33:26.423000,ZHO,0 days 00:01:31.099000,20.0,2.0,HARD,7.0,1,False
0 days 01:34:57.478000,ZHO,0 days 00:01:31.055000,21.0,2.0,HARD,8.0,1,False
0 days 01:36:27.831000,ZHO,0 days 00:01:30.353000,22.0,2.0,HARD,9.0,1,True
0 days 01:37:58.538000,ZHO,0 days 00:01:30.707000,23.0,2.0,HARD,10.0,1,False
0 days 01:39:29.495000,ZHO,0 days 00:01:30.957000,24.0,2.0,HARD,11.0,1,False
0 days 01:41:00.190000,ZHO,0 days 00:01:30.695000,25.0,2.0,HARD,12.0,1,False
0 days 01:42:32.069000,ZHO,0 days 00:01:31.879000,26.0,2.0,HARD,13.0,1,False
0 days 01:44:02.688000,ZHO,0 days 00:01:30.619000,27.0,2.0,HARD,14.0,1,False
0 days 01:45:33.470000,ZHO,0 days 00:01:30.782000,28.0,2.0,HARD,15.0,1,False
0 days 01:47:04.078000,ZHO,0 days 00:01:30.608000,29.0,2.0,HARD,16.0,1,False
0 days 01:48:35.132000,ZHO,0 days 00:01:31.054000,30.0,2.0,HARD,17.0,1,False
0 days 01:50:06.067000,ZHO,0 days 00:01:30.935000,31.0,2.0,HARD,18.0,1,False
0 days 01:51:36.941000,ZHO,0 days 00:01:30.874000,32.0,2.0,HARD,19.0,1,False
0 days 01:53:07.785000,ZHO,0 days 00:01:30.844000,33.0,2.0,HARD,20.0,1,False
0 days 01:54:38.726000,ZHO,0 days 00:01:30.941000,34.0,2.0,HARD,21.0,1,False
0 days 01:56:09.320000,ZHO,0 days 00:01:30.594000,35.0,2.0,HARD,22.0,1,False
0 days 01:57:39.990000,ZHO,0 days 00:01:30.670000,36.0,2.0,HARD,23.0,1,False
0 days 01:59:12.926000,ZHO,0 days 00:01:32.936000,37.0,2.0,HARD,24.0,1,False
0 days 02:01:03.822000,ZHO,0 days 00:01:50.896000,38.0,3.0,MEDIUM,1.0,1,False
0 days 02:02:32.773000,ZHO,0 days 00:01:28.951000,39.0,3.0,MEDIUM,2.0,1,True
0 days 02:04:01.854000,ZHO,0 days 00:01:29.081000,40.0,3.0,MEDIUM,3.0,1,False
0 days 02:05:31.256000,ZHO,0 days 00:01:29.402000,41.0,3.0,MEDIUM,4.0,1,False
0 days 02:07:00.228000,ZHO,0 days 00:01:28.972000,42.0,3.0,MEDIUM,5.0,1,False
0 days 02:08:28.974000,ZHO,0 days 00:01:28.746000,43.0,3.0,MEDIUM,6.0,1,True
0 days 02:09:58.057000,ZHO,0 days 00:01:29.083000,44.0,3.0,MEDIUM,7.0,1,False
0 days 02:11:27.947000,ZHO,0 days 00:01:29.890000,45.0,3.0,MEDIUM,8.0,1,False
0 days 02:12:57.271000,ZHO,0 days 00:01:29.324000,46.0,3.0,MEDIUM,9.0,1,False
0 days 02:14:26.680000,ZHO,0 days 00:01:29.409000,47.0,3.0,MEDIUM,10.0,1,False
0 days 02:15:56.063000,ZHO,0 days 00:01:29.383000,48.0,3.0,MEDIUM,11.0,1,False
0 days 02:17:25.829000,ZHO,0 days 00:01:29.766000,49.0,3.0,MEDIUM,12.0,1,False
0 days 02:18:55.533000,ZHO,0 days 00:01:29.704000,50.0,3.0,MEDIUM,13.0,1,False
0 days 02:20:25.235000,ZHO,0 days 00:01:29.702000,51.0,3.0,MEDIUM,14.0,1,False
0 days 02:21:54.843000,ZHO,0 days 00:01:29.608000,52.0,3.0,MEDIUM,15.0,1,False
0 days 02:23:24.624000,ZHO,0 days 00:01:29.781000,53.0,3.0,MEDIUM,16.0,1,False
0 days 02:24:54.913000,ZHO,0 days 00:01:30.289000,54.0,3.0,MEDIUM,17.0,1,False
0 days 02:26:25.329000,ZHO,0 days 00:01:30.416000,55.0,3.0,MEDIUM,18.0,1,False
0 days 02:27:55.529000,ZHO,0 days 00:01:30.200000,56.0,3.0,MEDIUM,19.0,1,False
0 days 02:29:26.520000,ZHO,0 days 00:01:30.991000,57.0,3.0,MEDIUM,20.0,1,False
0 days 02:30:56.847000,ZHO,0 days 00:01:30.327000,58.0,3.0,MEDIUM,21.0,1,False
0 days 01:04:06.879000,SAR,,1.0,1.0,MEDIUM,2.0,1,False
0 days 01:05:40.461000,SAR,0 days 00:01:33.582000,2.0,1.0,MEDIUM,3.0,1,False
0 days 01:07:11.861000,SAR,0 days 00:01:31.400000,3.0,1.0,MEDIUM,4.0,1,True
0 days 01:08:43.348000,SAR,0 days 00:01:31.487000,4.0,1.0,MEDIUM,5.0,1,False
0 days 01:10:15.623000,SAR,0 days 00:01:32.275000,5.0,1.0,MEDIUM,6.0,1,False
0 days 01:11:47.335000,SAR,0 days 00:01:31.712000,6.0,1.0,MEDIUM,7.0,1,False
0 days 01:13:18.492000,SAR,0 days 00:01:31.157000,7.0,1.0,MEDIUM,8.0,1,True
0 days 01:14:50.034000,SAR,0 days 00:01:31.542000,8.0,1.0,MEDIUM,9.0,1,False
0 days 01:16:21.442000,SAR,0 days 00:01:31.408000,9.0,1.0,MEDIUM,10.0,1,False
0 days 01:17:53.480000,SAR,0 days 00:01:32.038000,10.0,1.0,MEDIUM,11.0,1,False
0 days 01:19:25.362000,SAR,0 days 00:01:31.882000,11.0,1.0,MEDIUM,12.0,1,False
0 days 01:20:57.251000,SAR,0 days 00:01:31.889000,12.0,1.0,MEDIUM,13.0,1,False
0 days 01:22:29.301000,SAR,0 days 00:01:32.050000,13.0,1.0,MEDIUM,14.0,1,False
0 days 01:24:01.126000,SAR,0 days 00:01:31.825000,14.0,1.0,MEDIUM,15.0,1,False
0 days 01:25:35.982000,SAR,0 days 00:01:34.856000,15.0,1.0,MEDIUM,16.0,1,False
0 days 01:27:27.886000,SAR,0 days 00:01:51.904000,16.0,2.0,HARD,1.0,1,False
0 days 01:28:58.290000,SAR,0 days 00:01:30.404000,17.0,2.0,HARD,2.0,1,True
0 days 01:30:29.585000,SAR,0 days 00:01:31.295000,18.0,2.0,HARD,3.0,1,False
0 days 01:31:59.953000,SAR,0 days 00:01:30.368000,19.0,2.0,HARD,4.0,1,True
0 days 01:33:30.359000,SAR,0 days 00:01:30.406000,20.0,2.0,HARD,5.0,1,False
0 days 01:35:00.640000,SAR,0 days 00:01:30.281000,21.0,2.0,HARD,6.0,1,True
0 days 01:36:31.074000,SAR,0 days 00:01:30.434000,22.0,2.0,HARD,7.0,1,False
0 days 01:38:01.911000,SAR,0 days 00:01:30.837000,23.0,2.0,HARD,8.0,1,False
0 days 01:39:32.520000,SAR,0 days 00:01:30.609000,24.0,2.0,HARD,9.0,1,False
0 days 01:41:03.050000,SAR,0 days 00:01:30.530000,25.0,2.0,HARD,10.0,1,False
0 days 01:42:33.658000,SAR,0 days 00:01:30.608000,26.0,2.0,HARD,11.0,1,False
0 days 01:44:04.123000,SAR,0 days 00:01:30.465000,27.0,2.0,HARD,12.0,1,False
0 days 01:45:35.110000,SAR,0 days 00:01:30.987000,28.0,2.0,HARD,13.0,1,False
0 days 01:47:05.803000,SAR,0 days 00:01:30.693000,29.0,2.0,HARD,14.0,1,False
0 days 01:48:36.445000,SAR,0 days 00:01:30.642000,30.0,2.0,HARD,15.0,1,False
0 days 01:50:07.092000,SAR,0 days 00:01:30.647000,31.0,2.0,HARD,16.0,1,False
0 days 01:51:38.222000,SAR,0 days 00:01:31.130000,32.0,2.0,HARD,17.0,1,False
0 days 01:53:09.100000,SAR,0 days 00:01:30.878000,33.0,2.0,HARD,18.0,1,False
0 days 01:54:39.869000,SAR,0 days 00:01:30.769000,34.0,2.0,HARD,19.0,1,False
0 days 01:56:10.414000,SAR,0 days 00:01:30.545000,35.0,2.0,HARD,20.0,1,False
0 days 01:57:41.154000,SAR,0 days 00:01:30.740000,36.0,2.0,HARD,21.0,1,False
0 days 01:59:12.934000,SAR,0 days 00:01:31.780000,37.0,2.0,HARD,22.0,1,False
0 days 02:00:44.165000,SAR,0 days 00:01:31.231000,38.0,2.0,HARD,23.0,1,False
0 days 02:02:16.154000,SAR,0 days 00:01:31.989000,39.0,2.0,HARD,24.0,1,False
0 days 02:03:47.908000,SAR,0 days 00:01:31.754000,40.0,2.0,HARD,25.0,1,False
0 days 02:05:20.604000,SAR,0 days 00:01:32.696000,41.0,2.0,HARD,26.0,1,False
0 days 02:07:10.631000,SAR,0 days 00:01:50.027000,42.0,3.0,HARD,1.0,1,False
0 days 02:08:39.211000,SAR,0 days 00:01:28.580000,43.0,3.0,HARD,2.0,1,True
0 days 02:10:07.856000,SAR,0 days 00:01:28.645000,44.0,3.0,HARD,3.0,1,False
0 days 02:11:36.647000,SAR,0 days 00:01:28.791000,45.0,3.0,HARD,4.0,1,False
0 days 02:13:05.565000,SAR,0 days 00:01:28.918000,46.0,3.0,HARD,5.0,1,False
0 days 02:14:35.023000,SAR,0 days 00:01:29.458000,47.0,3.0,HARD,6.0,1,False
0 days 02:16:04.954000,SAR,0 days 00:01:29.931000,48.0,3.0,HARD,7.0,1,False
0 days 02:17:33.850000,SAR,0 days 00:01:28.896000,49.0,3.0,HARD,8.0,1,False
0 days 02:19:02.830000,SAR,0 days 00:01:28.980000,50.0,3.0,HARD,9.0,1,False
0 days 02:20:31.667000,SAR,0 days 00:01:28.837000,51.0,3.0,HARD,10.0,1,False
0 days 02:22:00.307000,SAR,0 days 00:01:28.640000,52.0,3.0,HARD,11.0,1,False
0 days 02:23:29.250000,SAR,0 days 00:01:28.943000,53.0,3.0,HARD,12.0,1,False
0 days 02:24:58.173000,SAR,0 days 00:01:28.923000,54.0,3.0,HARD,13.0,1,False
0 days 02:26:27.198000,SAR,0 days 00:01:29.025000,55.0,3.0,HARD,14.0,1,False
0 days 02:27:56.628000,SAR,0 days 00:01:29.430000,56.0,3.0,HARD,15.0,1,False
0 days 02:29:25.893000,SAR,0 days 00:01:29.265000,57.0,3.0,HARD,16.0,1,False
0 days 02:30:55.272000,SAR,0 days 00:01:29.379000,58.0,3.0,HARD,17.0,1,False
